trade_id,book,counterparty,valuation_date,direction,run_timestamp,instrument,swap_subtype,tenor_y,leg_count,leg_types,notional,coupon_rate,start_date,end_date,currency,underlying_ticker,initial_price,dividend_yield,strike,option_type,exercise_type,vol,reference_entity,credit_spread,recovery_rate,seniority,doc_clause,spread,index_name,npv,fixed_npv,float_npv,par_rate,clean_price,accrued,premium,dv01,duration,pv01,convexity,vega,theta,delta,gamma,rho,cr01,jump_to_default,error
ASSWAP-0001,ASSWAP-IG,CPTY-16,2025-01-15,LONG,2026-04-09T14:05:32.670891+00:00,ASSWAP,ASSET_SWAP,5,2,"BOND,FLOAT",2e+07,0.0408,2025-01-15,2030-01-15,USD,,,,,,,,,,,,,,,1.95627e+07,1.95627e+07,0,0.0457359,1.95639e+07,4533.33,,-8943.99,-4.47199,-447.199,22.1065,0,,1.61364,,,,,
ASSWAP-0002,ASSWAP-IG,CPTY-07,2025-01-15,SHORT,2026-04-09T14:05:32.670891+00:00,ASSWAP,ASSET_SWAP,3,2,"BOND,FLOAT",5e+06,0.0379,2025-01-15,2028-01-15,USD,,,,,,,,,,,,,,,4.86474e+06,4.86474e+06,0,0.047775,4.8651e+06,1052.78,,1395.88,2.79176,279.176,8.47235,0,,-1.06506,,,,,
ASSWAP-0003,ASSWAP-IG,CPTY-16,2025-01-15,LONG,2026-04-09T14:05:32.670891+00:00,ASSWAP,ASSET_SWAP,3,2,"BOND,FLOAT",2e+07,0.0396,2025-01-15,2028-01-15,USD,,,,,,,,,,,,,,,1.95529e+07,1.95529e+07,0,0.0477794,1.95542e+07,4400,,-5599.68,-2.79984,-279.984,8.44936,0,,0.296725,,,,,
ASSWAP-0004,ASSWAP-IG,CPTY-20,2025-01-15,LONG,2026-04-09T14:05:32.670891+00:00,ASSWAP,ASSET_SWAP,3,2,"BOND,FLOAT",1e+07,0.0624,2025-01-15,2028-01-15,USD,,,,,,,,,,,,,,,1.04068e+07,1.04068e+07,0,0.0478361,1.04063e+07,3466.67,,-2908.19,-2.90819,-290.819,8.16116,0,,18.5607,,,,,
ASSWAP-0005,ASSWAP-IG,CPTY-03,2025-01-15,SHORT,2026-04-09T14:05:32.670891+00:00,ASSWAP,ASSET_SWAP,2,2,"BOND,FLOAT",1e+07,0.0645,2025-01-15,2027-01-15,USD,,,,,,,,,,,,,,,1.02788e+07,1.02788e+07,0,0.0496725,1.02782e+07,3583.33,,1962.77,1.96277,196.277,3.74449,0,,15.8911,,,,,
ASSWAP-0006,ASSWAP-IG,CPTY-17,2025-01-15,SHORT,2026-04-09T14:05:32.670891+00:00,ASSWAP,ASSET_SWAP,5,2,"BOND,FLOAT",5e+07,0.0626,2025-01-15,2030-01-15,USD,,,,,,,,,,,,,,,5.37081e+07,5.37081e+07,0,0.0458304,5.37063e+07,17388.9,,23636.2,4.72725,472.725,20.9464,0,,27.7485,,,,,
ASSWAP-0007,ASSWAP-IG,CPTY-01,2025-01-15,LONG,2026-04-09T14:05:32.670891+00:00,ASSWAP,ASSET_SWAP,7,2,"BOND,FLOAT",1e+07,0.0482,2025-01-15,2032-01-15,USD,,,,,,,,,,,,,,,1.02022e+07,1.02022e+07,0,0.044798,1.02025e+07,2677.78,,-6166.02,-6.16602,-616.602,40.0301,0,,13.0732,,,,,
ASSWAP-0008,ASSWAP-IG,CPTY-04,2025-01-15,SHORT,2026-04-09T14:05:32.670891+00:00,ASSWAP,ASSET_SWAP,2,2,"BOND,FLOAT",5e+07,0.0614,2025-01-15,2027-01-15,USD,,,,,,,,,,,,,,,5.11027e+07,5.11027e+07,0,0.049669,5.11005e+07,17055.6,,9777.93,1.95559,195.559,3.75538,0,,13.9469,,,,,
ASSWAP-0009,ASSWAP-IG,CPTY-05,2025-01-15,LONG,2026-04-09T14:05:32.670891+00:00,ASSWAP,ASSET_SWAP,10,2,"BOND,FLOAT",5e+07,0.0471,2025-01-15,2035-01-15,USD,,,,,,,,,,,,,,,5.12975e+07,5.12975e+07,0,0.0438741,5.12994e+07,13083.3,,-41748.1,-8.34962,-834.962,75.3153,0,,15.0127,,,,,
ASSWAP-0010,ASSWAP-IG,CPTY-19,2025-01-15,LONG,2026-04-09T14:05:32.670891+00:00,ASSWAP,ASSET_SWAP,10,2,"BOND,FLOAT",5e+06,0.0476,2025-01-15,2035-01-15,USD,,,,,,,,,,,,,,,5.14969e+06,5.14969e+06,0,0.0438772,5.14987e+06,1322.22,,-4184.59,-8.36917,-836.917,75.1487,0,,16.0263,,,,,
ASSWAP-0011,ASSWAP-IG,CPTY-01,2025-01-15,LONG,2026-04-09T14:05:32.670891+00:00,ASSWAP,ASSET_SWAP,2,2,"BOND,FLOAT",5e+07,0.0639,2025-01-15,2027-01-15,USD,,,,,,,,,,,,,,,5.13377e+07,5.13377e+07,0,0.0496718,5.13349e+07,17750,,-9806.9,-1.96138,-196.138,3.74659,0,,15.5148,,,,,
ASSWAP-0012,ASSWAP-IG,CPTY-08,2025-01-15,LONG,2026-04-09T14:05:32.670891+00:00,ASSWAP,ASSET_SWAP,2,2,"BOND,FLOAT",5e+07,0.0507,2025-01-15,2027-01-15,USD,,,,,,,,,,,,,,,5.00972e+07,5.00972e+07,0,0.0496569,5.00976e+07,14083.3,,-9653.95,-1.93079,-193.079,3.79396,0,,7.23621,,,,,
ASSWAP-0013,ASSWAP-IG,CPTY-17,2025-01-15,LONG,2026-04-09T14:05:32.670891+00:00,ASSWAP,ASSET_SWAP,3,2,"BOND,FLOAT",5e+06,0.0415,2025-01-15,2028-01-15,USD,,,,,,,,,,,,,,,4.9145e+06,4.9145e+06,0,0.0477843,4.91477e+06,1152.78,,-1404.44,-2.80887,-280.887,8.42393,0,,1.81872,,,,,
ASSWAP-0014,ASSWAP-IG,CPTY-16,2025-01-15,LONG,2026-04-09T14:05:32.670891+00:00,ASSWAP,ASSET_SWAP,10,2,"BOND,FLOAT",5e+07,0.041,2025-01-15,2035-01-15,USD,,,,,,,,,,,,,,,4.88649e+07,4.88649e+07,0,0.0438348,4.88677e+07,11388.9,,-40555.7,-8.11113,-811.113,77.4567,0,,2.6466,,,,,
ASSWAP-0015,ASSWAP-IG,CPTY-03,2025-01-15,LONG,2026-04-09T14:05:32.670891+00:00,ASSWAP,ASSET_SWAP,5,2,"BOND,FLOAT",2e+07,0.0612,2025-01-15,2030-01-15,USD,,,,,,,,,,,,,,,2.13599e+07,2.13599e+07,0,0.0458246,2.13593e+07,6800,,-9421.71,-4.71085,-471.085,21.0147,0,,26.0701,,,,,
ASSWAP-0016,ASSWAP-IG,CPTY-03,2025-01-15,LONG,2026-04-09T14:05:32.670891+00:00,ASSWAP,ASSET_SWAP,2,2,"BOND,FLOAT",1e+07,0.0588,2025-01-15,2027-01-15,USD,,,,,,,,,,,,,,,1.01717e+07,1.01717e+07,0,0.0496661,1.01714e+07,3266.67,,-1949.56,-1.94956,-194.956,3.76461,0,,12.3163,,,,,
ASSWAP-0017,ASSWAP-IG,CPTY-18,2025-01-15,SHORT,2026-04-09T14:05:32.670891+00:00,ASSWAP,ASSET_SWAP,3,2,"BOND,FLOAT",5e+06,0.0485,2025-01-15,2028-01-15,USD,,,,,,,,,,,,,,,5.01125e+06,5.01125e+06,0,0.0478021,5.01136e+06,1347.22,,1421.07,2.84213,284.213,8.33255,0,,7.42609,,,,,
ASSWAP-0018,ASSWAP-IG,CPTY-17,2025-01-15,SHORT,2026-04-09T14:05:32.670891+00:00,ASSWAP,ASSET_SWAP,3,2,"BOND,FLOAT",5e+07,0.0455,2025-01-15,2028-01-15,USD,,,,,,,,,,,,,,,4.96979e+07,4.96979e+07,0,0.0477945,4.96997e+07,12638.9,,14139.4,2.82788,282.788,8.37128,0,,5.02293,,,,,
ASSWAP-0019,ASSWAP-IG,CPTY-16,2025-01-15,SHORT,2026-04-09T14:05:32.670891+00:00,ASSWAP,ASSET_SWAP,5,2,"BOND,FLOAT",1e+07,0.0641,2025-01-15,2030-01-15,USD,,,,,,,,,,,,,,,1.08077e+07,1.08077e+07,0,0.0458365,1.08073e+07,3561.11,,4744.81,4.74481,474.481,20.8742,0,,29.5468,,,,,
ASSWAP-0020,ASSWAP-IG,CPTY-10,2025-01-15,SHORT,2026-04-09T14:05:32.670891+00:00,ASSWAP,ASSET_SWAP,10,2,"BOND,FLOAT",5e+07,0.0406,2025-01-15,2035-01-15,USD,,,,,,,,,,,,,,,4.87053e+07,4.87053e+07,0,0.0438321,4.87082e+07,11277.8,,40477.5,8.09549,809.549,77.6046,0,,1.83571,,,,,
ASSWAP-0021,ASSWAP-IG,CPTY-07,2025-01-15,LONG,2026-04-09T14:05:32.670891+00:00,ASSWAP,ASSET_SWAP,5,2,"BOND,FLOAT",5e+06,0.0458,2025-01-15,2030-01-15,USD,,,,,,,,,,,,,,,5.0008e+06,5.0008e+06,0,0.0457585,5.00098e+06,1272.22,,-2265.27,-4.53054,-453.054,21.8207,0,,7.60789,,,,,
ASSWAP-0022,ASSWAP-IG,CPTY-05,2025-01-15,SHORT,2026-04-09T14:05:32.670891+00:00,ASSWAP,ASSET_SWAP,10,2,"BOND,FLOAT",5e+06,0.0618,2025-01-15,2035-01-15,USD,,,,,,,,,,,,,,,5.71599e+06,5.71599e+06,0,0.0439601,5.71593e+06,1716.67,,4462.17,8.92435,892.435,70.9038,0,,44.813,,,,,
ASSWAP-0023,ASSWAP-IG,CPTY-03,2025-01-15,LONG,2026-04-09T14:05:32.670891+00:00,ASSWAP,ASSET_SWAP,3,2,"BOND,FLOAT",2e+07,0.0525,2025-01-15,2028-01-15,USD,,,,,,,,,,,,,,,2.02662e+07,2.02662e+07,0,0.047812,2.02662e+07,5833.33,,-5722.28,-2.86114,-286.114,8.2819,0,,10.6303,,,,,
ASSWAP-0024,ASSWAP-IG,CPTY-15,2025-01-15,LONG,2026-04-09T14:05:32.670891+00:00,ASSWAP,ASSET_SWAP,2,2,"BOND,FLOAT",2e+07,0.0576,2025-01-15,2027-01-15,USD,,,,,,,,,,,,,,,2.02982e+07,2.02982e+07,0,0.0496647,2.02977e+07,6400,,-3893.56,-1.94678,-194.678,3.76891,0,,11.5637,,,,,
ASSWAP-0025,ASSWAP-IG,CPTY-01,2025-01-15,SHORT,2026-04-09T14:05:32.670891+00:00,ASSWAP,ASSET_SWAP,7,2,"BOND,FLOAT",5e+07,0.05,2025-01-15,2032-01-15,USD,,,,,,,,,,,,,,,5.15439e+07,5.15439e+07,0,0.0448073,5.1545e+07,13888.9,,31020.6,6.20412,620.412,39.7903,0,,15.8576,,,,,
ASSWAP-0026,ASSWAP-IG,CPTY-20,2025-01-15,SHORT,2026-04-09T14:05:32.670891+00:00,ASSWAP,ASSET_SWAP,2,2,"BOND,FLOAT",5e+07,0.0402,2025-01-15,2027-01-15,USD,,,,,,,,,,,,,,,4.91104e+07,4.91104e+07,0,0.0496447,4.91135e+07,11166.7,,9532.29,1.90646,190.646,3.83335,0,,0.650943,,,,,
ASSWAP-0027,ASSWAP-IG,CPTY-17,2025-01-15,LONG,2026-04-09T14:05:32.670891+00:00,ASSWAP,ASSET_SWAP,3,2,"BOND,FLOAT",5e+06,0.0535,2025-01-15,2028-01-15,USD,,,,,,,,,,,,,,,5.08036e+06,5.08036e+06,0,0.0478145,5.08035e+06,1486.11,,-1432.95,-2.86589,-286.589,8.26941,0,,11.4313,,,,,
ASSWAP-0028,ASSWAP-IG,CPTY-16,2025-01-15,LONG,2026-04-09T14:05:32.670891+00:00,ASSWAP,ASSET_SWAP,3,2,"BOND,FLOAT",5e+07,0.054,2025-01-15,2028-01-15,USD,,,,,,,,,,,,,,,5.08727e+07,5.08727e+07,0,0.0478157,5.08725e+07,15000,,-14341.4,-2.86827,-286.827,8.26319,0,,11.8319,,,,,
ASSWAP-0029,ASSWAP-IG,CPTY-18,2025-01-15,LONG,2026-04-09T14:05:32.670891+00:00,ASSWAP,ASSET_SWAP,3,2,"BOND,FLOAT",5e+07,0.065,2025-01-15,2028-01-15,USD,,,,,,,,,,,,,,,5.23932e+07,5.23932e+07,0,0.0478423,5.23903e+07,18055.6,,-14602.7,-2.92054,-292.054,8.1305,0,,20.6434,,,,,
ASSWAP-0030,ASSWAP-IG,CPTY-11,2025-01-15,LONG,2026-04-09T14:05:32.670891+00:00,ASSWAP,ASSET_SWAP,7,2,"BOND,FLOAT",5e+06,0.0524,2025-01-15,2032-01-15,USD,,,,,,,,,,,,,,,5.22544e+06,5.22544e+06,0,0.0448195,5.2255e+06,1455.56,,-3127.46,-6.25491,-625.491,39.4782,0,,19.5701,,,,,
ASSWAP-0031,ASSWAP-IG,CPTY-12,2025-01-15,LONG,2026-04-09T14:05:32.670891+00:00,ASSWAP,ASSET_SWAP,7,2,"BOND,FLOAT",1e+07,0.0446,2025-01-15,2032-01-15,USD,,,,,,,,,,,,,,,9.98905e+06,9.98905e+06,0,0.0447791,9.98947e+06,2477.78,,-6089.82,-6.08982,-608.982,40.525,0,,7.50449,,,,,
ASSWAP-0032,ASSWAP-IG,CPTY-10,2025-01-15,SHORT,2026-04-09T14:05:32.670891+00:00,ASSWAP,ASSET_SWAP,3,2,"BOND,FLOAT",2e+07,0.0619,2025-01-15,2028-01-15,USD,,,,,,,,,,,,,,,2.07859e+07,2.07859e+07,0,0.0478349,2.0785e+07,6877.78,,5811.62,2.90581,290.581,8.16711,0,,18.1602,,,,,
ASSWAP-0033,ASSWAP-IG,CPTY-09,2025-01-15,SHORT,2026-04-09T14:05:32.670891+00:00,ASSWAP,ASSET_SWAP,7,2,"BOND,FLOAT",1e+07,0.0368,2025-01-15,2032-01-15,USD,,,,,,,,,,,,,,,9.5272e+06,9.5272e+06,0,0.0447364,9.52793e+06,2044.44,,5924.72,5.92472,592.472,41.6734,0,,-4.5611,,,,,
ASSWAP-0034,ASSWAP-IG,CPTY-20,2025-01-15,SHORT,2026-04-09T14:05:32.670891+00:00,ASSWAP,ASSET_SWAP,3,2,"BOND,FLOAT",5e+06,0.0545,2025-01-15,2028-01-15,USD,,,,,,,,,,,,,,,5.09419e+06,5.09419e+06,0,0.047817,5.09415e+06,1513.89,,1435.32,2.87065,287.065,8.25698,0,,12.2324,,,,,
ASSWAP-0035,ASSWAP-IG,CPTY-16,2025-01-15,SHORT,2026-04-09T14:05:32.670891+00:00,ASSWAP,ASSET_SWAP,7,2,"BOND,FLOAT",5e+06,0.0581,2025-01-15,2032-01-15,USD,,,,,,,,,,,,,,,5.39419e+06,5.39419e+06,0,0.0448477,5.39414e+06,1613.89,,3187.78,6.37556,637.556,38.7698,0,,28.3872,,,,,
ASSWAP-0036,ASSWAP-IG,CPTY-01,2025-01-15,LONG,2026-04-09T14:05:32.670891+00:00,ASSWAP,ASSET_SWAP,3,2,"BOND,FLOAT",5e+07,0.0536,2025-01-15,2028-01-15,USD,,,,,,,,,,,,,,,5.08175e+07,5.08175e+07,0,0.0478147,5.08173e+07,14888.9,,-14331.8,-2.86637,-286.637,8.26816,0,,11.5115,,,,,
ASSWAP-0037,ASSWAP-IG,CPTY-03,2025-01-15,LONG,2026-04-09T14:05:32.670891+00:00,ASSWAP,ASSET_SWAP,5,2,"BOND,FLOAT",5e+07,0.0483,2025-01-15,2030-01-15,USD,,,,,,,,,,,,,,,5.05586e+07,5.05586e+07,0,0.0457696,5.05599e+07,13416.7,,-22799.1,-4.55981,-455.981,21.6825,0,,10.605,,,,,
ASSWAP-0038,ASSWAP-IG,CPTY-12,2025-01-15,SHORT,2026-04-09T14:05:32.670891+00:00,ASSWAP,ASSET_SWAP,5,2,"BOND,FLOAT",2e+07,0.0529,2025-01-15,2030-01-15,USD,,,,,,,,,,,,,,,2.06287e+07,2.06287e+07,0,0.0457897,2.06288e+07,5877.78,,9227.34,4.61367,461.367,21.4359,0,,16.1197,,,,,
ASSWAP-0039,ASSWAP-IG,CPTY-10,2025-01-15,SHORT,2026-04-09T14:05:32.670891+00:00,ASSWAP,ASSET_SWAP,2,2,"BOND,FLOAT",5e+07,0.0433,2025-01-15,2027-01-15,USD,,,,,,,,,,,,,,,4.94017e+07,4.94017e+07,0,0.0496484,4.9404e+07,12027.8,,9568.21,1.91364,191.364,3.82155,0,,2.59516,,,,,
ASSWAP-0040,ASSWAP-IG,CPTY-06,2025-01-15,SHORT,2026-04-09T14:05:32.670891+00:00,ASSWAP,ASSET_SWAP,5,2,"BOND,FLOAT",5e+06,0.0549,2025-01-15,2030-01-15,USD,,,,,,,,,,,,,,,5.20122e+06,5.20122e+06,0,0.0457982,5.20121e+06,1525,,2318.54,4.63709,463.709,21.3317,0,,18.5174,,,,,
ASSWAP-0041,ASSWAP-IG,CPTY-07,2025-01-15,LONG,2026-04-09T14:05:32.670891+00:00,ASSWAP,ASSET_SWAP,7,2,"BOND,FLOAT",5e+06,0.037,2025-01-15,2032-01-15,USD,,,,,,,,,,,,,,,4.76952e+06,4.76952e+06,0,0.0447376,4.76988e+06,1027.78,,-2964.48,-5.92895,-592.895,41.6426,0,,-4.25173,,,,,
ASSWAP-0042,ASSWAP-IG,CPTY-02,2025-01-15,SHORT,2026-04-09T14:05:32.670891+00:00,ASSWAP,ASSET_SWAP,7,2,"BOND,FLOAT",5e+06,0.0467,2025-01-15,2032-01-15,USD,,,,,,,,,,,,,,,5.05669e+06,5.05669e+06,0,0.0447902,5.05686e+06,1297.22,,3067.13,6.13427,613.427,40.2338,0,,10.7529,,,,,
ASSWAP-0043,ASSWAP-IG,CPTY-12,2025-01-15,LONG,2026-04-09T14:05:32.670891+00:00,ASSWAP,ASSET_SWAP,7,2,"BOND,FLOAT",5e+07,0.0501,2025-01-15,2032-01-15,USD,,,,,,,,,,,,,,,5.15735e+07,5.15735e+07,0,0.0448078,5.15746e+07,13916.7,,-31031.2,-6.20623,-620.623,39.7771,0,,16.0123,,,,,
ASSWAP-0044,ASSWAP-IG,CPTY-06,2025-01-15,SHORT,2026-04-09T14:05:32.670891+00:00,ASSWAP,ASSET_SWAP,10,2,"BOND,FLOAT",5e+06,0.0568,2025-01-15,2035-01-15,USD,,,,,,,,,,,,,,,5.51659e+06,5.51659e+06,0,0.0439321,5.51662e+06,1577.78,,4364.43,8.72886,872.886,72.2991,0,,34.6769,,,,,
ASSWAP-0045,ASSWAP-IG,CPTY-18,2025-01-15,LONG,2026-04-09T14:05:32.670891+00:00,ASSWAP,ASSET_SWAP,10,2,"BOND,FLOAT",1e+07,0.0614,2025-01-15,2035-01-15,USD,,,,,,,,,,,,,,,1.14001e+07,1.14001e+07,0,0.0439579,1.14e+07,3411.11,,-8908.71,-8.90871,-890.871,71.0118,0,,44.0021,,,,,
ASSWAP-0046,ASSWAP-IG,CPTY-04,2025-01-15,LONG,2026-04-09T14:05:32.670891+00:00,ASSWAP,ASSET_SWAP,10,2,"BOND,FLOAT",1e+07,0.0465,2025-01-15,2035-01-15,USD,,,,,,,,,,,,,,,1.02117e+07,1.02117e+07,0,0.0438703,1.0212e+07,2583.33,,-8326.16,-8.32616,-832.616,75.5169,0,,13.7964,,,,,
ASSWAP-0047,ASSWAP-IG,CPTY-04,2025-01-15,SHORT,2026-04-09T14:05:32.670891+00:00,ASSWAP,ASSET_SWAP,7,2,"BOND,FLOAT",5e+07,0.0517,2025-01-15,2032-01-15,USD,,,,,,,,,,,,,,,5.20472e+07,5.20472e+07,0,0.044816,5.20479e+07,14361.1,,31200.5,6.2401,624.01,39.5683,0,,18.4873,,,,,
ASSWAP-0048,ASSWAP-IG,CPTY-11,2025-01-15,SHORT,2026-04-09T14:05:32.670891+00:00,ASSWAP,ASSET_SWAP,3,2,"BOND,FLOAT",2e+07,0.0522,2025-01-15,2028-01-15,USD,,,,,,,,,,,,,,,2.02496e+07,2.02496e+07,0,0.0478113,2.02497e+07,5800,,5719.43,2.85972,285.972,8.28566,0,,10.39,,,,,
ASSWAP-0049,ASSWAP-IG,CPTY-08,2025-01-15,LONG,2026-04-09T14:05:32.670891+00:00,ASSWAP,ASSET_SWAP,5,2,"BOND,FLOAT",2e+07,0.059,2025-01-15,2030-01-15,USD,,,,,,,,,,,,,,,2.11661e+07,2.11661e+07,0,0.0458155,2.11657e+07,6555.56,,-9370.19,-4.68509,-468.509,21.1235,0,,23.4327,,,,,
ASSWAP-0050,ASSWAP-IG,CPTY-08,2025-01-15,SHORT,2026-04-09T14:05:32.670891+00:00,ASSWAP,ASSET_SWAP,7,2,"BOND,FLOAT",5e+06,0.0559,2025-01-15,2032-01-15,USD,,,,,,,,,,,,,,,5.32906e+06,5.32906e+06,0,0.044837,5.32906e+06,1552.78,,3164.5,6.329,632.9,39.0379,0,,24.9841,,,,,
ASSWAP-0051,ASSWAP-IG,CPTY-11,2025-01-15,LONG,2026-04-09T14:05:32.670891+00:00,ASSWAP,ASSET_SWAP,3,2,"BOND,FLOAT",2e+07,0.0647,2025-01-15,2028-01-15,USD,,,,,,,,,,,,,,,2.09407e+07,2.09407e+07,0,0.0478416,2.09396e+07,7188.89,,-5838.23,-2.91912,-291.912,8.13402,0,,20.4031,,,,,
ASSWAP-0052,ASSWAP-IG,CPTY-06,2025-01-15,LONG,2026-04-09T14:05:32.670891+00:00,ASSWAP,ASSET_SWAP,10,2,"BOND,FLOAT",5e+07,0.045,2025-01-15,2035-01-15,USD,,,,,,,,,,,,,,,5.04601e+07,5.04601e+07,0,0.0438608,5.04622e+07,12500,,-41337.6,-8.26752,-826.752,76.0292,0,,10.7555,,,,,
ASSWAP-0053,ASSWAP-IG,CPTY-09,2025-01-15,LONG,2026-04-09T14:05:32.670891+00:00,ASSWAP,ASSET_SWAP,2,2,"BOND,FLOAT",5e+06,0.065,2025-01-15,2027-01-15,USD,,,,,,,,,,,,,,,5.14411e+06,5.14411e+06,0,0.049673,5.1438e+06,1805.56,,-981.964,-1.96393,-196.393,3.74274,0,,16.2047,,,,,
ASSWAP-0054,ASSWAP-IG,CPTY-04,2025-01-15,SHORT,2026-04-09T14:05:32.670891+00:00,ASSWAP,ASSET_SWAP,10,2,"BOND,FLOAT",5e+06,0.0457,2025-01-15,2035-01-15,USD,,,,,,,,,,,,,,,5.07392e+06,5.07392e+06,0,0.0438653,5.07413e+06,1269.44,,4147.44,8.29489,829.489,75.7886,0,,12.1746,,,,,
ASSWAP-0055,ASSWAP-IG,CPTY-06,2025-01-15,SHORT,2026-04-09T14:05:32.670891+00:00,ASSWAP,ASSET_SWAP,2,2,"BOND,FLOAT",1e+07,0.0528,2025-01-15,2027-01-15,USD,,,,,,,,,,,,,,,1.00589e+07,1.00589e+07,0,0.0496593,1.00589e+07,2933.33,,1935.66,1.93566,193.566,3.78626,0,,8.55326,,,,,
ASSWAP-0056,ASSWAP-IG,CPTY-01,2025-01-15,SHORT,2026-04-09T14:05:32.670891+00:00,ASSWAP,ASSET_SWAP,5,2,"BOND,FLOAT",5e+06,0.0461,2025-01-15,2030-01-15,USD,,,,,,,,,,,,,,,5.00741e+06,5.00741e+06,0,0.0457599,5.00758e+06,1280.56,,2267.03,4.53405,453.405,21.804,0,,7.96754,,,,,
ASSWAP-0057,ASSWAP-IG,CPTY-01,2025-01-15,LONG,2026-04-09T14:05:32.670891+00:00,ASSWAP,ASSET_SWAP,5,2,"BOND,FLOAT",2e+07,0.0474,2025-01-15,2030-01-15,USD,,,,,,,,,,,,,,,2.01442e+07,2.01442e+07,0,0.0457656,2.01447e+07,5266.67,,-9098.55,-4.54927,-454.927,21.7319,0,,9.52604,,,,,
ASSWAP-0058,ASSWAP-IG,CPTY-13,2025-01-15,SHORT,2026-04-09T14:05:32.670891+00:00,ASSWAP,ASSET_SWAP,3,2,"BOND,FLOAT",5e+06,0.0379,2025-01-15,2028-01-15,USD,,,,,,,,,,,,,,,4.86474e+06,4.86474e+06,0,0.047775,4.8651e+06,1052.78,,1395.88,2.79176,279.176,8.47235,0,,-1.06506,,,,,
ASSWAP-0059,ASSWAP-IG,CPTY-10,2025-01-15,LONG,2026-04-09T14:05:32.670891+00:00,ASSWAP,ASSET_SWAP,7,2,"BOND,FLOAT",1e+07,0.0433,2025-01-15,2032-01-15,USD,,,,,,,,,,,,,,,9.91207e+06,9.91207e+06,0,0.0447721,9.91255e+06,2405.56,,-6062.3,-6.0623,-606.23,40.709,0,,5.49356,,,,,
ASSWAP-0060,ASSWAP-IG,CPTY-05,2025-01-15,SHORT,2026-04-09T14:05:32.670891+00:00,ASSWAP,ASSET_SWAP,10,2,"BOND,FLOAT",5e+07,0.0493,2025-01-15,2035-01-15,USD,,,,,,,,,,,,,,,5.21749e+07,5.21749e+07,0,0.0438877,5.21764e+07,13694.4,,42178.2,8.43564,843.564,74.592,0,,19.4726,,,,,
ASSWAP-0061,ASSWAP-IG,CPTY-05,2025-01-15,LONG,2026-04-09T14:05:32.670891+00:00,ASSWAP,ASSET_SWAP,2,2,"BOND,FLOAT",5e+06,0.0516,2025-01-15,2027-01-15,USD,,,,,,,,,,,,,,,5.01818e+06,5.01818e+06,0,0.0496579,5.0182e+06,1433.33,,-966.438,-1.93288,-193.288,3.79065,0,,7.80066,,,,,
ASSWAP-0062,ASSWAP-IG,CPTY-17,2025-01-15,SHORT,2026-04-09T14:05:32.670891+00:00,ASSWAP,ASSET_SWAP,10,2,"BOND,FLOAT",1e+07,0.0573,2025-01-15,2035-01-15,USD,,,,,,,,,,,,,,,1.10731e+07,1.10731e+07,0,0.043935,1.10731e+07,3183.33,,8748.41,8.74841,874.841,72.155,0,,35.6905,,,,,
ASSWAP-0063,ASSWAP-IG,CPTY-02,2025-01-15,LONG,2026-04-09T14:05:32.670891+00:00,ASSWAP,ASSET_SWAP,7,2,"BOND,FLOAT",5e+07,0.0459,2025-01-15,2032-01-15,USD,,,,,,,,,,,,,,,5.03301e+07,5.03301e+07,0,0.044786,5.0332e+07,12750,,-30586.7,-6.11733,-611.733,40.3439,0,,9.51542,,,,,
ASSWAP-0064,ASSWAP-IG,CPTY-12,2025-01-15,LONG,2026-04-09T14:05:32.670891+00:00,ASSWAP,ASSET_SWAP,7,2,"BOND,FLOAT",5e+07,0.0505,2025-01-15,2032-01-15,USD,,,,,,,,,,,,,,,5.16919e+07,5.16919e+07,0,0.0448099,5.16929e+07,14027.8,,-31073.5,-6.2147,-621.47,39.7246,0,,16.631,,,,,
ASSWAP-0065,ASSWAP-IG,CPTY-03,2025-01-15,LONG,2026-04-09T14:05:32.670891+00:00,ASSWAP,ASSET_SWAP,3,2,"BOND,FLOAT",2e+07,0.0411,2025-01-15,2028-01-15,USD,,,,,,,,,,,,,,,1.96359e+07,1.96359e+07,0,0.0477833,1.9637e+07,4566.67,,-5613.94,-2.80697,-280.697,8.42927,0,,1.4983,,,,,
ASSWAP-0066,ASSWAP-IG,CPTY-15,2025-01-15,LONG,2026-04-09T14:05:32.670891+00:00,ASSWAP,ASSET_SWAP,7,2,"BOND,FLOAT",2e+07,0.0384,2025-01-15,2032-01-15,USD,,,,,,,,,,,,,,,1.92439e+07,1.92439e+07,0,0.0447454,1.92452e+07,4266.67,,-11917.2,-5.95859,-595.859,41.4289,0,,-2.08611,,,,,
ASSWAP-0067,ASSWAP-IG,CPTY-02,2025-01-15,LONG,2026-04-09T14:05:32.670891+00:00,ASSWAP,ASSET_SWAP,7,2,"BOND,FLOAT",5e+07,0.0416,2025-01-15,2032-01-15,USD,,,,,,,,,,,,,,,4.90571e+07,4.90571e+07,0,0.044763,4.90598e+07,11555.6,,-30131.6,-6.02632,-602.632,40.9539,0,,2.86388,,,,,
ASSWAP-0068,ASSWAP-IG,CPTY-10,2025-01-15,LONG,2026-04-09T14:05:32.670891+00:00,ASSWAP,ASSET_SWAP,3,2,"BOND,FLOAT",2e+07,0.0555,2025-01-15,2028-01-15,USD,,,,,,,,,,,,,,,2.0432e+07,2.0432e+07,0,0.0478194,2.04318e+07,6166.67,,-5750.8,-2.8754,-287.54,8.24463,0,,13.0334,,,,,
ASSWAP-0069,ASSWAP-IG,CPTY-10,2025-01-15,LONG,2026-04-09T14:05:32.670891+00:00,ASSWAP,ASSET_SWAP,7,2,"BOND,FLOAT",5e+07,0.0469,2025-01-15,2032-01-15,USD,,,,,,,,,,,,,,,5.06261e+07,5.06261e+07,0,0.0447912,5.06278e+07,13027.8,,-30692.5,-6.1385,-613.85,40.2064,0,,11.0623,,,,,
ASSWAP-0070,ASSWAP-IG,CPTY-03,2025-01-15,LONG,2026-04-09T14:05:32.670891+00:00,ASSWAP,ASSET_SWAP,5,2,"BOND,FLOAT",2e+07,0.0441,2025-01-15,2030-01-15,USD,,,,,,,,,,,,,,,1.98534e+07,1.98534e+07,0,0.0457509,1.98543e+07,4900,,-9021.27,-4.51063,-451.063,21.9165,0,,5.56984,,,,,
ASSWAP-0071,ASSWAP-IG,CPTY-02,2025-01-15,LONG,2026-04-09T14:05:32.670891+00:00,ASSWAP,ASSET_SWAP,2,2,"BOND,FLOAT",5e+07,0.0426,2025-01-15,2027-01-15,USD,,,,,,,,,,,,,,,4.93359e+07,4.93359e+07,0,0.0496475,4.93384e+07,11833.3,,-9560.09,-1.91202,-191.202,3.8242,0,,2.15615,,,,,
ASSWAP-0072,ASSWAP-IG,CPTY-08,2025-01-15,SHORT,2026-04-09T14:05:32.670891+00:00,ASSWAP,ASSET_SWAP,5,2,"BOND,FLOAT",1e+07,0.061,2025-01-15,2030-01-15,USD,,,,,,,,,,,,,,,1.06711e+07,1.06711e+07,0,0.0458238,1.06708e+07,3388.89,,4708.51,4.70851,470.851,21.0245,0,,25.8304,,,,,
ASSWAP-0073,ASSWAP-IG,CPTY-12,2025-01-15,LONG,2026-04-09T14:05:32.670891+00:00,ASSWAP,ASSET_SWAP,7,2,"BOND,FLOAT",5e+07,0.0629,2025-01-15,2032-01-15,USD,,,,,,,,,,,,,,,5.5363e+07,5.5363e+07,0,0.0448707,5.53616e+07,17472.2,,-32385.8,-6.47716,-647.716,38.2068,0,,35.8122,,,,,
ASSWAP-0074,ASSWAP-IG,CPTY-17,2025-01-15,SHORT,2026-04-09T14:05:32.670891+00:00,ASSWAP,ASSET_SWAP,2,2,"BOND,FLOAT",5e+06,0.0549,2025-01-15,2027-01-15,USD,,,,,,,,,,,,,,,5.04919e+06,5.04919e+06,0,0.0496617,5.04913e+06,1525,,970.261,1.94052,194.052,3.77863,0,,9.87031,,,,,
ASSWAP-0075,ASSWAP-IG,CPTY-11,2025-01-15,LONG,2026-04-09T14:05:32.670891+00:00,ASSWAP,ASSET_SWAP,2,2,"BOND,FLOAT",1e+07,0.0528,2025-01-15,2027-01-15,USD,,,,,,,,,,,,,,,1.00589e+07,1.00589e+07,0,0.0496593,1.00589e+07,2933.33,,-1935.66,-1.93566,-193.566,3.78626,0,,8.55326,,,,,
ASSWAP-0076,ASSWAP-IG,CPTY-14,2025-01-15,LONG,2026-04-09T14:05:32.670891+00:00,ASSWAP,ASSET_SWAP,10,2,"BOND,FLOAT",5e+06,0.0535,2025-01-15,2035-01-15,USD,,,,,,,,,,,,,,,5.38499e+06,5.38499e+06,0,0.043913,5.38507e+06,1486.11,,-4299.92,-8.59984,-859.984,73.2766,0,,27.987,,,,,
ASSWAP-0077,ASSWAP-IG,CPTY-11,2025-01-15,SHORT,2026-04-09T14:05:32.670891+00:00,ASSWAP,ASSET_SWAP,2,2,"BOND,FLOAT",5e+06,0.0418,2025-01-15,2027-01-15,USD,,,,,,,,,,,,,,,4.92608e+06,4.92608e+06,0,0.0496466,4.92635e+06,1161.11,,955.083,1.91017,191.017,3.82724,0,,1.65441,,,,,
ASSWAP-0078,ASSWAP-IG,CPTY-18,2025-01-15,LONG,2026-04-09T14:05:32.670891+00:00,ASSWAP,ASSET_SWAP,5,2,"BOND,FLOAT",1e+07,0.0587,2025-01-15,2030-01-15,USD,,,,,,,,,,,,,,,1.05698e+07,1.05698e+07,0,0.0458142,1.05696e+07,3261.11,,-4681.58,-4.68158,-468.158,21.1385,0,,23.073,,,,,
ASSWAP-0079,ASSWAP-IG,CPTY-06,2025-01-15,LONG,2026-04-09T14:05:32.670891+00:00,ASSWAP,ASSET_SWAP,5,2,"BOND,FLOAT",5e+06,0.039,2025-01-15,2030-01-15,USD,,,,,,,,,,,,,,,4.85104e+06,4.85104e+06,0,0.0457276,4.85136e+06,1083.33,,-2225.46,-4.45092,-445.092,22.2125,0,,-0.544282,,,,,
ASSWAP-0080,ASSWAP-IG,CPTY-14,2025-01-15,SHORT,2026-04-09T14:05:32.670891+00:00,ASSWAP,ASSET_SWAP,10,2,"BOND,FLOAT",5e+06,0.0572,2025-01-15,2035-01-15,USD,,,,,,,,,,,,,,,5.53254e+06,5.53254e+06,0,0.0439344,5.53256e+06,1588.89,,4372.25,8.7445,874.45,72.1838,0,,35.4877,,,,,
ASSWAP-0081,ASSWAP-IG,CPTY-17,2025-01-15,LONG,2026-04-09T14:05:32.670891+00:00,ASSWAP,ASSET_SWAP,3,2,"BOND,FLOAT",1e+07,0.065,2025-01-15,2028-01-15,USD,,,,,,,,,,,,,,,1.04786e+07,1.04786e+07,0,0.0478423,1.04781e+07,3611.11,,-2920.54,-2.92054,-292.054,8.1305,0,,20.6434,,,,,
ASSWAP-0082,ASSWAP-IG,CPTY-20,2025-01-15,SHORT,2026-04-09T14:05:32.670891+00:00,ASSWAP,ASSET_SWAP,5,2,"BOND,FLOAT",1e+07,0.0421,2025-01-15,2030-01-15,USD,,,,,,,,,,,,,,,9.83862e+06,9.83862e+06,0,0.0457419,9.83914e+06,2338.89,,4487.22,4.48722,448.722,22.031,0,,3.17215,,,,,
ASSWAP-0083,ASSWAP-IG,CPTY-09,2025-01-15,LONG,2026-04-09T14:05:32.670891+00:00,ASSWAP,ASSET_SWAP,7,2,"BOND,FLOAT",5e+07,0.0352,2025-01-15,2032-01-15,USD,,,,,,,,,,,,,,,4.71623e+07,4.71623e+07,0,0.0447274,4.71663e+07,9777.78,,-29454.3,-5.89085,-589.085,41.9229,0,,-7.0361,,,,,
ASSWAP-0084,ASSWAP-IG,CPTY-12,2025-01-15,SHORT,2026-04-09T14:05:32.670891+00:00,ASSWAP,ASSET_SWAP,2,2,"BOND,FLOAT",5e+06,0.0637,2025-01-15,2027-01-15,USD,,,,,,,,,,,,,,,5.13189e+06,5.13189e+06,0,0.0496716,5.13161e+06,1769.44,,980.458,1.96092,196.092,3.74729,0,,15.3894,,,,,
ASSWAP-0085,ASSWAP-IG,CPTY-04,2025-01-15,SHORT,2026-04-09T14:05:32.670891+00:00,ASSWAP,ASSET_SWAP,2,2,"BOND,FLOAT",5e+07,0.0549,2025-01-15,2027-01-15,USD,,,,,,,,,,,,,,,5.04919e+07,5.04919e+07,0,0.0496617,5.04913e+07,15250,,9702.61,1.94052,194.052,3.77863,0,,9.87031,,,,,
ASSWAP-0086,ASSWAP-IG,CPTY-04,2025-01-15,LONG,2026-04-09T14:05:32.670891+00:00,ASSWAP,ASSET_SWAP,5,2,"BOND,FLOAT",5e+06,0.0476,2025-01-15,2030-01-15,USD,,,,,,,,,,,,,,,5.04044e+06,5.04044e+06,0,0.0457665,5.04059e+06,1322.22,,-2275.81,-4.55161,-455.161,21.7209,0,,9.76581,,,,,
ASSWAP-0087,ASSWAP-IG,CPTY-11,2025-01-15,LONG,2026-04-09T14:05:32.670891+00:00,ASSWAP,ASSET_SWAP,7,2,"BOND,FLOAT",5e+06,0.0353,2025-01-15,2032-01-15,USD,,,,,,,,,,,,,,,4.71919e+06,4.71919e+06,0,0.044728,4.71958e+06,980.556,,-2946.49,-5.89297,-589.297,41.9071,0,,-6.88141,,,,,
ASSWAP-0088,ASSWAP-IG,CPTY-15,2025-01-15,LONG,2026-04-09T14:05:32.670891+00:00,ASSWAP,ASSET_SWAP,7,2,"BOND,FLOAT",5e+06,0.0411,2025-01-15,2032-01-15,USD,,,,,,,,,,,,,,,4.8909e+06,4.8909e+06,0,0.0447602,4.89118e+06,1141.67,,-3007.87,-6.01574,-601.574,41.0269,0,,2.09044,,,,,
ASSWAP-0089,ASSWAP-IG,CPTY-06,2025-01-15,LONG,2026-04-09T14:05:32.670891+00:00,ASSWAP,ASSET_SWAP,5,2,"BOND,FLOAT",5e+06,0.036,2025-01-15,2030-01-15,USD,,,,,,,,,,,,,,,4.78496e+06,4.78496e+06,0,0.0457137,4.78535e+06,1000,,-2207.9,-4.41579,-441.579,22.3932,0,,-4.14083,,,,,
ASSWAP-0090,ASSWAP-IG,CPTY-12,2025-01-15,LONG,2026-04-09T14:05:32.670891+00:00,ASSWAP,ASSET_SWAP,10,2,"BOND,FLOAT",5e+07,0.0394,2025-01-15,2035-01-15,USD,,,,,,,,,,,,,,,4.82268e+07,4.82268e+07,0,0.0438241,4.82298e+07,10944.4,,-40242.9,-8.04858,-804.858,78.0541,0,,-0.596971,,,,,
ASSWAP-0091,ASSWAP-IG,CPTY-12,2025-01-15,SHORT,2026-04-09T14:05:32.670891+00:00,ASSWAP,ASSET_SWAP,3,2,"BOND,FLOAT",2e+07,0.0459,2025-01-15,2028-01-15,USD,,,,,,,,,,,,,,,1.99013e+07,1.99013e+07,0,0.0477955,1.99019e+07,5100,,5659.56,2.82978,282.978,8.36608,0,,5.34335,,,,,
ASSWAP-0092,ASSWAP-IG,CPTY-02,2025-01-15,SHORT,2026-04-09T14:05:32.670891+00:00,ASSWAP,ASSET_SWAP,3,2,"BOND,FLOAT",5e+06,0.062,2025-01-15,2028-01-15,USD,,,,,,,,,,,,,,,5.19785e+06,5.19785e+06,0,0.0478352,5.19764e+06,1722.22,,1453.14,2.90629,290.629,8.16592,0,,18.2403,,,,,
ASSWAP-0093,ASSWAP-IG,CPTY-02,2025-01-15,SHORT,2026-04-09T14:05:32.670891+00:00,ASSWAP,ASSET_SWAP,7,2,"BOND,FLOAT",1e+07,0.0439,2025-01-15,2032-01-15,USD,,,,,,,,,,,,,,,9.9476e+06,9.9476e+06,0,0.0447754,9.94805e+06,2438.89,,6075,6.075,607.5,40.6238,0,,6.42168,,,,,
ASSWAP-0094,ASSWAP-IG,CPTY-16,2025-01-15,LONG,2026-04-09T14:05:32.670891+00:00,ASSWAP,ASSET_SWAP,10,2,"BOND,FLOAT",5e+06,0.0494,2025-01-15,2035-01-15,USD,,,,,,,,,,,,,,,5.22148e+06,5.22148e+06,0,0.0438883,5.22162e+06,1372.22,,-4219.77,-8.43955,-843.955,74.5597,0,,19.6753,,,,,
ASSWAP-0095,ASSWAP-IG,CPTY-09,2025-01-15,SHORT,2026-04-09T14:05:32.670891+00:00,ASSWAP,ASSET_SWAP,7,2,"BOND,FLOAT",2e+07,0.0638,2025-01-15,2032-01-15,USD,,,,,,,,,,,,,,,2.22518e+07,2.22518e+07,0,0.0448749,2.22511e+07,7088.89,,12992.4,6.49621,649.621,38.1045,0,,37.2044,,,,,
ASSWAP-0096,ASSWAP-IG,CPTY-02,2025-01-15,LONG,2026-04-09T14:05:32.670891+00:00,ASSWAP,ASSET_SWAP,2,2,"BOND,FLOAT",2e+07,0.0585,2025-01-15,2027-01-15,USD,,,,,,,,,,,,,,,2.03321e+07,2.03321e+07,0,0.0496658,2.03315e+07,6500,,-3897.73,-1.94887,-194.887,3.76569,0,,12.1281,,,,,
ASSWAP-0097,ASSWAP-IG,CPTY-06,2025-01-15,SHORT,2026-04-09T14:05:32.670891+00:00,ASSWAP,ASSET_SWAP,7,2,"BOND,FLOAT",5e+06,0.0485,2025-01-15,2032-01-15,USD,,,,,,,,,,,,,,,5.10998e+06,5.10998e+06,0,0.0447996,5.11012e+06,1347.22,,3086.18,6.17237,617.237,39.9898,0,,13.5373,,,,,
ASSWAP-0098,ASSWAP-IG,CPTY-15,2025-01-15,LONG,2026-04-09T14:05:32.670891+00:00,ASSWAP,ASSET_SWAP,5,2,"BOND,FLOAT",2e+07,0.0529,2025-01-15,2030-01-15,USD,,,,,,,,,,,,,,,2.06287e+07,2.06287e+07,0,0.0457897,2.06288e+07,5877.78,,-9227.34,-4.61367,-461.367,21.4359,0,,16.1197,,,,,
ASSWAP-0099,ASSWAP-IG,CPTY-16,2025-01-15,SHORT,2026-04-09T14:05:32.670891+00:00,ASSWAP,ASSET_SWAP,7,2,"BOND,FLOAT",5e+07,0.0611,2025-01-15,2032-01-15,USD,,,,,,,,,,,,,,,5.48301e+07,5.48301e+07,0,0.0448621,5.4829e+07,16972.2,,32195.3,6.43906,643.906,38.4146,0,,33.0279,,,,,
ASSWAP-0100,ASSWAP-IG,CPTY-20,2025-01-15,SHORT,2026-04-09T14:05:32.670891+00:00,ASSWAP,ASSET_SWAP,3,2,"BOND,FLOAT",2e+07,0.0422,2025-01-15,2028-01-15,USD,,,,,,,,,,,,,,,1.96967e+07,1.96967e+07,0,0.0477861,1.96977e+07,4688.89,,5624.39,2.8122,281.22,8.41463,0,,2.37946,,,,,
ASSWAP-0101,ASSWAP-IG,CPTY-19,2025-01-15,LONG,2026-04-09T14:05:32.670891+00:00,ASSWAP,ASSET_SWAP,2,2,"BOND,FLOAT",2e+07,0.046,2025-01-15,2027-01-15,USD,,,,,,,,,,,,,,,1.98622e+07,1.98622e+07,0,0.0496515,1.98628e+07,5111.11,,-3839.8,-1.9199,-191.99,3.81139,0,,4.28852,,,,,
ASSWAP-0102,ASSWAP-IG,CPTY-08,2025-01-15,LONG,2026-04-09T14:05:32.670891+00:00,ASSWAP,ASSET_SWAP,7,2,"BOND,FLOAT",1e+07,0.0555,2025-01-15,2032-01-15,USD,,,,,,,,,,,,,,,1.06344e+07,1.06344e+07,0,0.044835,1.06344e+07,3083.33,,-6320.53,-6.32053,-632.053,39.0874,0,,24.3654,,,,,
ASSWAP-0103,ASSWAP-IG,CPTY-15,2025-01-15,LONG,2026-04-09T14:05:32.670891+00:00,ASSWAP,ASSET_SWAP,7,2,"BOND,FLOAT",5e+07,0.0526,2025-01-15,2032-01-15,USD,,,,,,,,,,,,,,,5.23136e+07,5.23136e+07,0,0.0448205,5.23142e+07,14611.1,,-31295.7,-6.25915,-625.915,39.4526,0,,19.8795,,,,,
ASSWAP-0104,ASSWAP-IG,CPTY-16,2025-01-15,SHORT,2026-04-09T14:05:32.670891+00:00,ASSWAP,ASSET_SWAP,7,2,"BOND,FLOAT",5e+06,0.0516,2025-01-15,2032-01-15,USD,,,,,,,,,,,,,,,5.20176e+06,5.20176e+06,0,0.0448155,5.20184e+06,1433.33,,3118.99,6.23798,623.798,39.5813,0,,18.3326,,,,,
ASSWAP-0105,ASSWAP-IG,CPTY-07,2025-01-15,LONG,2026-04-09T14:05:32.670891+00:00,ASSWAP,ASSET_SWAP,5,2,"BOND,FLOAT",2e+07,0.0541,2025-01-15,2030-01-15,USD,,,,,,,,,,,,,,,2.07344e+07,2.07344e+07,0,0.0457948,2.07344e+07,6011.11,,-9255.44,-4.62772,-462.772,21.3732,0,,17.5583,,,,,
ASSWAP-0106,ASSWAP-IG,CPTY-05,2025-01-15,SHORT,2026-04-09T14:05:32.670891+00:00,ASSWAP,ASSET_SWAP,3,2,"BOND,FLOAT",5e+06,0.0522,2025-01-15,2028-01-15,USD,,,,,,,,,,,,,,,5.06239e+06,5.06239e+06,0,0.0478113,5.06242e+06,1450,,1429.86,2.85972,285.972,8.28566,0,,10.39,,,,,
ASSWAP-0107,ASSWAP-IG,CPTY-06,2025-01-15,LONG,2026-04-09T14:05:32.670891+00:00,ASSWAP,ASSET_SWAP,5,2,"BOND,FLOAT",5e+07,0.0475,2025-01-15,2030-01-15,USD,,,,,,,,,,,,,,,5.03824e+07,5.03824e+07,0,0.0457661,5.03839e+07,13194.4,,-22752.2,-4.55044,-455.044,21.7264,0,,9.64593,,,,,
ASSWAP-0108,ASSWAP-IG,CPTY-17,2025-01-15,LONG,2026-04-09T14:05:32.670891+00:00,ASSWAP,ASSET_SWAP,5,2,"BOND,FLOAT",5e+06,0.0456,2025-01-15,2030-01-15,USD,,,,,,,,,,,,,,,4.9964e+06,4.9964e+06,0,0.0457576,4.99658e+06,1266.67,,-2264.1,-4.5282,-452.82,21.8319,0,,7.36812,,,,,
ASSWAP-0109,ASSWAP-IG,CPTY-16,2025-01-15,SHORT,2026-04-09T14:05:32.670891+00:00,ASSWAP,ASSET_SWAP,10,2,"BOND,FLOAT",2e+07,0.0427,2025-01-15,2035-01-15,USD,,,,,,,,,,,,,,,1.98171e+07,1.98171e+07,0,0.043846,1.98181e+07,4744.44,,16355.2,8.1776,817.76,76.8388,0,,6.09289,,,,,
ASSWAP-0110,ASSWAP-IG,CPTY-10,2025-01-15,LONG,2026-04-09T14:05:32.670891+00:00,ASSWAP,ASSET_SWAP,5,2,"BOND,FLOAT",5e+07,0.0557,2025-01-15,2030-01-15,USD,,,,,,,,,,,,,,,5.21884e+07,5.21884e+07,0,0.0458016,5.21881e+07,15472.2,,-23232.3,-4.64646,-464.646,21.2905,0,,19.4765,,,,,
ASSWAP-0111,ASSWAP-IG,CPTY-16,2025-01-15,SHORT,2026-04-09T14:05:32.670891+00:00,ASSWAP,ASSET_SWAP,5,2,"BOND,FLOAT",5e+06,0.0354,2025-01-15,2030-01-15,USD,,,,,,,,,,,,,,,4.77175e+06,4.77175e+06,0,0.0457108,4.77215e+06,983.333,,2204.38,4.40877,440.877,22.4299,0,,-4.86014,,,,,
ASSWAP-0112,ASSWAP-IG,CPTY-11,2025-01-15,LONG,2026-04-09T14:05:32.670891+00:00,ASSWAP,ASSET_SWAP,10,2,"BOND,FLOAT",2e+07,0.0446,2025-01-15,2035-01-15,USD,,,,,,,,,,,,,,,2.01202e+07,2.01202e+07,0,0.0438583,2.01211e+07,4955.56,,-16503.8,-8.25188,-825.188,76.1679,0,,9.94463,,,,,
ASSWAP-0113,ASSWAP-IG,CPTY-14,2025-01-15,LONG,2026-04-09T14:05:32.670891+00:00,ASSWAP,ASSET_SWAP,5,2,"BOND,FLOAT",1e+07,0.0545,2025-01-15,2030-01-15,USD,,,,,,,,,,,,,,,1.03848e+07,1.03848e+07,0,0.0457965,1.03848e+07,3027.78,,-4632.41,-4.63241,-463.241,21.3524,0,,18.0379,,,,,
ASSWAP-0114,ASSWAP-IG,CPTY-05,2025-01-15,SHORT,2026-04-09T14:05:32.670891+00:00,ASSWAP,ASSET_SWAP,5,2,"BOND,FLOAT",5e+07,0.064,2025-01-15,2030-01-15,USD,,,,,,,,,,,,,,,5.40164e+07,5.40164e+07,0,0.0458361,5.40143e+07,17777.8,,23718.2,4.74364,474.364,20.879,0,,29.4269,,,,,
ASSWAP-0115,ASSWAP-IG,CPTY-10,2025-01-15,LONG,2026-04-09T14:05:32.670891+00:00,ASSWAP,ASSET_SWAP,10,2,"BOND,FLOAT",2e+07,0.043,2025-01-15,2035-01-15,USD,,,,,,,,,,,,,,,1.9865e+07,1.9865e+07,0,0.0438479,1.9866e+07,4777.78,,-16378.6,-8.18932,-818.932,76.7315,0,,6.70106,,,,,
ASSWAP-0116,ASSWAP-IG,CPTY-06,2025-01-15,LONG,2026-04-09T14:05:32.670891+00:00,ASSWAP,ASSET_SWAP,2,2,"BOND,FLOAT",1e+07,0.0451,2025-01-15,2027-01-15,USD,,,,,,,,,,,,,,,9.91418e+06,9.91418e+06,0,0.0496504,9.91455e+06,2505.56,,-1917.81,-1.91781,-191.781,3.81477,0,,3.72407,,,,,
ASSWAP-0117,ASSWAP-IG,CPTY-01,2025-01-15,LONG,2026-04-09T14:05:32.670891+00:00,ASSWAP,ASSET_SWAP,2,2,"BOND,FLOAT",2e+07,0.0519,2025-01-15,2027-01-15,USD,,,,,,,,,,,,,,,2.0084e+07,2.0084e+07,0,0.0496583,2.0084e+07,5766.67,,-3867.14,-1.93357,-193.357,3.78955,0,,7.98881,,,,,
ASSWAP-0118,ASSWAP-IG,CPTY-06,2025-01-15,LONG,2026-04-09T14:05:32.670891+00:00,ASSWAP,ASSET_SWAP,3,2,"BOND,FLOAT",5e+06,0.0632,2025-01-15,2028-01-15,USD,,,,,,,,,,,,,,,5.21444e+06,5.21444e+06,0,0.047838,5.2142e+06,1755.56,,-1455.99,-2.91199,-291.199,8.15168,0,,19.2015,,,,,
ASSWAP-0119,ASSWAP-IG,CPTY-13,2025-01-15,LONG,2026-04-09T14:05:32.670891+00:00,ASSWAP,ASSET_SWAP,2,2,"BOND,FLOAT",1e+07,0.0558,2025-01-15,2027-01-15,USD,,,,,,,,,,,,,,,1.01153e+07,1.01153e+07,0,0.0496627,1.01151e+07,3100,,-1942.61,-1.94261,-194.261,3.77538,0,,10.4348,,,,,
ASSWAP-0120,ASSWAP-IG,CPTY-15,2025-01-15,SHORT,2026-04-09T14:05:32.670891+00:00,ASSWAP,ASSET_SWAP,10,2,"BOND,FLOAT",2e+07,0.0437,2025-01-15,2035-01-15,USD,,,,,,,,,,,,,,,1.99767e+07,1.99767e+07,0,0.0438525,1.99776e+07,4855.56,,16433.4,8.21669,821.669,76.4831,0,,8.12012,,,,,
ASSWAP-0121,ASSWAP-IG,CPTY-09,2025-01-15,SHORT,2026-04-09T14:05:32.670891+00:00,ASSWAP,ASSET_SWAP,10,2,"BOND,FLOAT",5e+06,0.0359,2025-01-15,2035-01-15,USD,,,,,,,,,,,,,,,4.6831e+06,4.6831e+06,0,0.0438001,4.68346e+06,997.222,,3955.87,7.91174,791.174,79.4178,0,,-7.69228,,,,,
ASSWAP-0122,ASSWAP-IG,CPTY-02,2025-01-15,SHORT,2026-04-09T14:05:32.670891+00:00,ASSWAP,ASSET_SWAP,5,2,"BOND,FLOAT",5e+07,0.0433,2025-01-15,2030-01-15,USD,,,,,,,,,,,,,,,4.94574e+07,4.94574e+07,0,0.0457473,4.94597e+07,12027.8,,22506.3,4.50127,450.127,21.962,0,,4.61076,,,,,
ASSWAP-0123,ASSWAP-IG,CPTY-02,2025-01-15,SHORT,2026-04-09T14:05:32.670891+00:00,ASSWAP,ASSET_SWAP,10,2,"BOND,FLOAT",5e+06,0.0589,2025-01-15,2035-01-15,USD,,,,,,,,,,,,,,,5.60034e+06,5.60034e+06,0,0.0439441,5.60033e+06,1636.11,,4405.48,8.81097,881.097,71.701,0,,38.934,,,,,
ASSWAP-0124,ASSWAP-IG,CPTY-16,2025-01-15,LONG,2026-04-09T14:05:32.670891+00:00,ASSWAP,ASSET_SWAP,3,2,"BOND,FLOAT",5e+07,0.0635,2025-01-15,2028-01-15,USD,,,,,,,,,,,,,,,5.21859e+07,5.21859e+07,0,0.0478388,5.21834e+07,17638.9,,-14567.1,-2.91341,-291.341,8.14814,0,,19.4419,,,,,
ASSWAP-0125,ASSWAP-IG,CPTY-20,2025-01-15,LONG,2026-04-09T14:05:32.670891+00:00,ASSWAP,ASSET_SWAP,3,2,"BOND,FLOAT",5e+06,0.0447,2025-01-15,2028-01-15,USD,,,,,,,,,,,,,,,4.95873e+06,4.95873e+06,0,0.0477925,4.95893e+06,1241.67,,-1412.04,-2.82408,-282.408,8.38172,0,,4.38209,,,,,
ASSWAP-0126,ASSWAP-IG,CPTY-11,2025-01-15,SHORT,2026-04-09T14:05:32.670891+00:00,ASSWAP,ASSET_SWAP,2,2,"BOND,FLOAT",5e+06,0.0433,2025-01-15,2027-01-15,USD,,,,,,,,,,,,,,,4.94017e+06,4.94017e+06,0,0.0496484,4.9404e+06,1202.78,,956.821,1.91364,191.364,3.82155,0,,2.59516,,,,,
ASSWAP-0127,ASSWAP-IG,CPTY-01,2025-01-15,LONG,2026-04-09T14:05:32.670891+00:00,ASSWAP,ASSET_SWAP,10,2,"BOND,FLOAT",1e+07,0.054,2025-01-15,2035-01-15,USD,,,,,,,,,,,,,,,1.08099e+07,1.08099e+07,0,0.0439159,1.081e+07,3000,,-8619.39,-8.61939,-861.939,73.1254,0,,29.0006,,,,,
ASSWAP-0128,ASSWAP-IG,CPTY-19,2025-01-15,LONG,2026-04-09T14:05:32.670891+00:00,ASSWAP,ASSET_SWAP,7,2,"BOND,FLOAT",2e+07,0.0452,2025-01-15,2032-01-15,USD,,,,,,,,,,,,,,,2.00491e+07,2.00491e+07,0,0.0447823,2.00499e+07,5022.22,,-12205,-6.10252,-610.252,40.4411,0,,8.43261,,,,,
ASSWAP-0129,ASSWAP-IG,CPTY-08,2025-01-15,LONG,2026-04-09T14:05:32.670891+00:00,ASSWAP,ASSET_SWAP,2,2,"BOND,FLOAT",5e+06,0.0618,2025-01-15,2027-01-15,USD,,,,,,,,,,,,,,,5.11403e+06,5.11403e+06,0,0.0496694,5.1138e+06,1716.67,,-978.256,-1.95651,-195.651,3.75397,0,,14.1978,,,,,
ASSWAP-0130,ASSWAP-IG,CPTY-19,2025-01-15,LONG,2026-04-09T14:05:32.670891+00:00,ASSWAP,ASSET_SWAP,5,2,"BOND,FLOAT",2e+07,0.0513,2025-01-15,2030-01-15,USD,,,,,,,,,,,,,,,2.04877e+07,2.04877e+07,0,0.0457827,2.0488e+07,5700,,-9189.87,-4.59494,-459.494,21.5206,0,,14.2016,,,,,
ASSWAP-0131,ASSWAP-IG,CPTY-09,2025-01-15,LONG,2026-04-09T14:05:32.670891+00:00,ASSWAP,ASSET_SWAP,2,2,"BOND,FLOAT",2e+07,0.039,2025-01-15,2027-01-15,USD,,,,,,,,,,,,,,,1.9599e+07,1.9599e+07,0,0.0496433,1.96004e+07,4333.33,,-3807.35,-1.90368,-190.368,3.83795,0,,-0.101659,,,,,
ASSWAP-0132,ASSWAP-IG,CPTY-11,2025-01-15,LONG,2026-04-09T14:05:32.670891+00:00,ASSWAP,ASSET_SWAP,10,2,"BOND,FLOAT",5e+06,0.0608,2025-01-15,2035-01-15,USD,,,,,,,,,,,,,,,5.67611e+06,5.67611e+06,0,0.0439546,5.67607e+06,1688.89,,-4442.63,-8.88525,-888.525,71.175,0,,42.7858,,,,,
ASSWAP-0133,ASSWAP-IG,CPTY-20,2025-01-15,SHORT,2026-04-09T14:05:32.670891+00:00,ASSWAP,ASSET_SWAP,3,2,"BOND,FLOAT",5e+07,0.0476,2025-01-15,2028-01-15,USD,,,,,,,,,,,,,,,4.99881e+07,4.99881e+07,0,0.0477998,4.99894e+07,13222.2,,14189.3,2.83786,283.786,8.3441,0,,6.70514,,,,,
ASSWAP-0134,ASSWAP-IG,CPTY-13,2025-01-15,LONG,2026-04-09T14:05:32.670891+00:00,ASSWAP,ASSET_SWAP,5,2,"BOND,FLOAT",5e+06,0.0426,2025-01-15,2030-01-15,USD,,,,,,,,,,,,,,,4.93032e+06,4.93032e+06,0,0.0457441,4.93057e+06,1183.33,,-2246.54,-4.49307,-449.307,22.0021,0,,3.77157,,,,,
ASSWAP-0135,ASSWAP-IG,CPTY-10,2025-01-15,LONG,2026-04-09T14:05:32.670891+00:00,ASSWAP,ASSET_SWAP,2,2,"BOND,FLOAT",5e+06,0.0426,2025-01-15,2027-01-15,USD,,,,,,,,,,,,,,,4.93359e+06,4.93359e+06,0,0.0496475,4.93384e+06,1183.33,,-956.009,-1.91202,-191.202,3.8242,0,,2.15615,,,,,
ASSWAP-0136,ASSWAP-IG,CPTY-12,2025-01-15,LONG,2026-04-09T14:05:32.670891+00:00,ASSWAP,ASSET_SWAP,3,2,"BOND,FLOAT",5e+06,0.0535,2025-01-15,2028-01-15,USD,,,,,,,,,,,,,,,5.08036e+06,5.08036e+06,0,0.0478145,5.08035e+06,1486.11,,-1432.95,-2.86589,-286.589,8.26941,0,,11.4313,,,,,
ASSWAP-0137,ASSWAP-IG,CPTY-04,2025-01-15,SHORT,2026-04-09T14:05:32.670891+00:00,ASSWAP,ASSET_SWAP,2,2,"BOND,FLOAT",2e+07,0.0501,2025-01-15,2027-01-15,USD,,,,,,,,,,,,,,,2.00163e+07,2.00163e+07,0,0.0496562,2.00166e+07,5566.67,,3858.8,1.9294,192.94,3.79617,0,,6.85991,,,,,
ASSWAP-0138,ASSWAP-IG,CPTY-18,2025-01-15,LONG,2026-04-09T14:05:32.670891+00:00,ASSWAP,ASSET_SWAP,10,2,"BOND,FLOAT",2e+07,0.0527,2025-01-15,2035-01-15,USD,,,,,,,,,,,,,,,2.14123e+07,2.14123e+07,0,0.0439082,2.14127e+07,5855.56,,-17137.1,-8.56856,-856.856,73.5208,0,,26.3652,,,,,
ASSWAP-0139,ASSWAP-IG,CPTY-09,2025-01-15,SHORT,2026-04-09T14:05:32.670891+00:00,ASSWAP,ASSET_SWAP,2,2,"BOND,FLOAT",5e+06,0.0559,2025-01-15,2027-01-15,USD,,,,,,,,,,,,,,,5.05859e+06,5.05859e+06,0,0.0496628,5.0585e+06,1552.78,,971.42,1.94284,194.284,3.77502,0,,10.4975,,,,,
ASSWAP-0140,ASSWAP-IG,CPTY-04,2025-01-15,LONG,2026-04-09T14:05:32.670891+00:00,ASSWAP,ASSET_SWAP,5,2,"BOND,FLOAT",2e+07,0.0637,2025-01-15,2030-01-15,USD,,,,,,,,,,,,,,,2.15801e+07,2.15801e+07,0,0.0458349,2.15793e+07,7077.78,,-9480.25,-4.74013,-474.013,20.8934,0,,29.0673,,,,,
ASSWAP-0141,ASSWAP-IG,CPTY-04,2025-01-15,SHORT,2026-04-09T14:05:32.670891+00:00,ASSWAP,ASSET_SWAP,3,2,"BOND,FLOAT",5e+07,0.0506,2025-01-15,2028-01-15,USD,,,,,,,,,,,,,,,5.04028e+07,5.04028e+07,0,0.0478073,5.04034e+07,14055.6,,14260.6,2.85211,285.211,8.30582,0,,9.10829,,,,,
ASSWAP-0142,ASSWAP-IG,CPTY-01,2025-01-15,SHORT,2026-04-09T14:05:32.670891+00:00,ASSWAP,ASSET_SWAP,3,2,"BOND,FLOAT",5e+07,0.0533,2025-01-15,2028-01-15,USD,,,,,,,,,,,,,,,5.0776e+07,5.0776e+07,0,0.047814,5.07759e+07,14805.6,,14324.7,2.86494,286.494,8.2719,0,,11.2711,,,,,
ASSWAP-0143,ASSWAP-IG,CPTY-09,2025-01-15,LONG,2026-04-09T14:05:32.670891+00:00,ASSWAP,ASSET_SWAP,10,2,"BOND,FLOAT",2e+07,0.0347,2025-01-15,2035-01-15,USD,,,,,,,,,,,,,,,1.8541e+07,1.8541e+07,0,0.0437917,1.85425e+07,3855.56,,-15729.6,-7.86482,-786.482,79.9042,0,,-10.125,,,,,
ASSWAP-0144,ASSWAP-IG,CPTY-08,2025-01-15,LONG,2026-04-09T14:05:32.670891+00:00,ASSWAP,ASSET_SWAP,3,2,"BOND,FLOAT",5e+07,0.0589,2025-01-15,2028-01-15,USD,,,,,,,,,,,,,,,5.155e+07,5.155e+07,0,0.0478277,5.15486e+07,16361.1,,-14457.8,-2.89156,-289.156,8.20311,0,,15.757,,,,,
ASSWAP-0145,ASSWAP-IG,CPTY-11,2025-01-15,LONG,2026-04-09T14:05:32.670891+00:00,ASSWAP,ASSET_SWAP,3,2,"BOND,FLOAT",5e+06,0.0571,2025-01-15,2028-01-15,USD,,,,,,,,,,,,,,,5.13012e+06,5.13012e+06,0,0.0478233,5.13003e+06,1586.11,,-1441.5,-2.883,-288.3,8.225,0,,14.3151,,,,,
ASSWAP-0146,ASSWAP-IG,CPTY-07,2025-01-15,LONG,2026-04-09T14:05:32.670891+00:00,ASSWAP,ASSET_SWAP,5,2,"BOND,FLOAT",2e+07,0.0428,2025-01-15,2030-01-15,USD,,,,,,,,,,,,,,,1.97389e+07,1.97389e+07,0,0.045745,1.97399e+07,4755.56,,-8990.82,-4.49541,-449.541,21.9907,0,,4.01134,,,,,
ASSWAP-0147,ASSWAP-IG,CPTY-16,2025-01-15,LONG,2026-04-09T14:05:32.670891+00:00,ASSWAP,ASSET_SWAP,10,2,"BOND,FLOAT",5e+06,0.0593,2025-01-15,2035-01-15,USD,,,,,,,,,,,,,,,5.61629e+06,5.61629e+06,0,0.0439463,5.61628e+06,1647.22,,-4413.3,-8.8266,-882.66,71.5891,0,,39.7449,,,,,
ASSWAP-0148,ASSWAP-IG,CPTY-01,2025-01-15,LONG,2026-04-09T14:05:32.670891+00:00,ASSWAP,ASSET_SWAP,2,2,"BOND,FLOAT",5e+06,0.0433,2025-01-15,2027-01-15,USD,,,,,,,,,,,,,,,4.94017e+06,4.94017e+06,0,0.0496484,4.9404e+06,1202.78,,-956.821,-1.91364,-191.364,3.82155,0,,2.59516,,,,,
ASSWAP-0149,ASSWAP-IG,CPTY-07,2025-01-15,LONG,2026-04-09T14:05:32.670891+00:00,ASSWAP,ASSET_SWAP,7,2,"BOND,FLOAT",1e+07,0.0465,2025-01-15,2032-01-15,USD,,,,,,,,,,,,,,,1.01015e+07,1.01015e+07,0,0.0447891,1.01019e+07,2583.33,,-6130.03,-6.13003,-613.003,40.2612,0,,10.4435,,,,,
ASSWAP-0150,ASSWAP-IG,CPTY-11,2025-01-15,SHORT,2026-04-09T14:05:32.670891+00:00,ASSWAP,ASSET_SWAP,7,2,"BOND,FLOAT",1e+07,0.0387,2025-01-15,2032-01-15,USD,,,,,,,,,,,,,,,9.6397e+06,9.6397e+06,0,0.044747,9.64035e+06,2150,,5964.94,5.96494,596.494,41.3835,0,,-1.62205,,,,,
ASSWAP-0151,ASSWAP-IG,CPTY-13,2025-01-15,LONG,2026-04-09T14:05:32.670891+00:00,ASSWAP,ASSET_SWAP,10,2,"BOND,FLOAT",2e+07,0.0482,2025-01-15,2035-01-15,USD,,,,,,,,,,,,,,,2.06945e+07,2.06945e+07,0,0.0438809,2.06951e+07,5355.56,,-16785.3,-8.39263,-839.263,74.9506,0,,17.2427,,,,,
ASSWAP-0152,ASSWAP-IG,CPTY-12,2025-01-15,SHORT,2026-04-09T14:05:32.670891+00:00,ASSWAP,ASSET_SWAP,10,2,"BOND,FLOAT",1e+07,0.0366,2025-01-15,2035-01-15,USD,,,,,,,,,,,,,,,9.42203e+06,9.42203e+06,0,0.043805,9.42273e+06,2033.33,,7939.1,7.9391,793.91,79.1386,0,,-6.27322,,,,,
ASSWAP-0153,ASSWAP-IG,CPTY-20,2025-01-15,LONG,2026-04-09T14:05:32.670891+00:00,ASSWAP,ASSET_SWAP,5,2,"BOND,FLOAT",5e+07,0.0524,2025-01-15,2030-01-15,USD,,,,,,,,,,,,,,,5.14616e+07,5.14616e+07,0,0.0457875,5.1462e+07,14555.6,,-23039.1,-4.60782,-460.782,21.4623,0,,15.5203,,,,,
ASSWAP-0154,ASSWAP-IG,CPTY-17,2025-01-15,SHORT,2026-04-09T14:05:32.670891+00:00,ASSWAP,ASSET_SWAP,2,2,"BOND,FLOAT",1e+07,0.0524,2025-01-15,2027-01-15,USD,,,,,,,,,,,,,,,1.00514e+07,1.00514e+07,0,0.0496588,1.00514e+07,2911.11,,1934.73,1.93473,193.473,3.78772,0,,8.30239,,,,,
ASSWAP-0155,ASSWAP-IG,CPTY-02,2025-01-15,LONG,2026-04-09T14:05:32.670891+00:00,ASSWAP,ASSET_SWAP,2,2,"BOND,FLOAT",5e+06,0.0497,2025-01-15,2027-01-15,USD,,,,,,,,,,,,,,,5.00032e+06,5.00032e+06,0,0.0496558,5.00039e+06,1380.56,,-964.236,-1.92847,-192.847,3.79764,0,,6.60904,,,,,
ASSWAP-0156,ASSWAP-IG,CPTY-10,2025-01-15,SHORT,2026-04-09T14:05:32.670891+00:00,ASSWAP,ASSET_SWAP,10,2,"BOND,FLOAT",2e+07,0.0458,2025-01-15,2035-01-15,USD,,,,,,,,,,,,,,,2.03116e+07,2.03116e+07,0,0.0438659,2.03125e+07,5088.89,,16597.6,8.2988,829.88,75.7545,0,,12.3773,,,,,
ASSWAP-0157,ASSWAP-IG,CPTY-15,2025-01-15,SHORT,2026-04-09T14:05:32.670891+00:00,ASSWAP,ASSET_SWAP,3,2,"BOND,FLOAT",1e+07,0.0573,2025-01-15,2028-01-15,USD,,,,,,,,,,,,,,,1.02658e+07,1.02658e+07,0,0.0478238,1.02656e+07,3183.33,,2883.95,2.88395,288.395,8.22256,0,,14.4753,,,,,
ASSWAP-0158,ASSWAP-IG,CPTY-15,2025-01-15,LONG,2026-04-09T14:05:32.670891+00:00,ASSWAP,ASSET_SWAP,2,2,"BOND,FLOAT",5e+06,0.065,2025-01-15,2027-01-15,USD,,,,,,,,,,,,,,,5.14411e+06,5.14411e+06,0,0.049673,5.1438e+06,1805.56,,-981.964,-1.96393,-196.393,3.74274,0,,16.2047,,,,,
ASSWAP-0159,ASSWAP-IG,CPTY-18,2025-01-15,SHORT,2026-04-09T14:05:32.670891+00:00,ASSWAP,ASSET_SWAP,5,2,"BOND,FLOAT",5e+06,0.0648,2025-01-15,2030-01-15,USD,,,,,,,,,,,,,,,5.41926e+06,5.41926e+06,0,0.0458394,5.41903e+06,1800,,2376.5,4.75301,475.301,20.8408,0,,30.386,,,,,
ASSWAP-0160,ASSWAP-IG,CPTY-06,2025-01-15,LONG,2026-04-09T14:05:32.670891+00:00,ASSWAP,ASSET_SWAP,3,2,"BOND,FLOAT",1e+07,0.039,2025-01-15,2028-01-15,USD,,,,,,,,,,,,,,,9.75988e+06,9.75988e+06,0,0.0477779,9.76055e+06,2166.67,,-2796.99,-2.79699,-279.699,8.45745,0,,-0.183906,,,,,
ASSWAP-0161,ASSWAP-IG,CPTY-17,2025-01-15,LONG,2026-04-09T14:05:32.670891+00:00,ASSWAP,ASSET_SWAP,7,2,"BOND,FLOAT",2e+07,0.0419,2025-01-15,2032-01-15,USD,,,,,,,,,,,,,,,1.96584e+07,1.96584e+07,0,0.0447646,1.96594e+07,4655.56,,-12065.3,-6.03267,-603.267,40.9103,0,,3.32794,,,,,
ASSWAP-0162,ASSWAP-IG,CPTY-20,2025-01-15,LONG,2026-04-09T14:05:32.670891+00:00,ASSWAP,ASSET_SWAP,5,2,"BOND,FLOAT",5e+06,0.0495,2025-01-15,2030-01-15,USD,,,,,,,,,,,,,,,5.08229e+06,5.08229e+06,0,0.0457749,5.08239e+06,1375,,-2286.93,-4.57386,-457.386,21.6172,0,,12.0436,,,,,
ASSWAP-0163,ASSWAP-IG,CPTY-10,2025-01-15,SHORT,2026-04-09T14:05:32.670891+00:00,ASSWAP,ASSET_SWAP,5,2,"BOND,FLOAT",5e+07,0.0519,2025-01-15,2030-01-15,USD,,,,,,,,,,,,,,,5.13515e+07,5.13515e+07,0,0.0457853,5.1352e+07,14416.7,,23009.8,4.60196,460.196,21.4887,0,,14.9209,,,,,
ASSWAP-0164,ASSWAP-IG,CPTY-09,2025-01-15,LONG,2026-04-09T14:05:32.670891+00:00,ASSWAP,ASSET_SWAP,2,2,"BOND,FLOAT",2e+07,0.0465,2025-01-15,2027-01-15,USD,,,,,,,,,,,,,,,1.9881e+07,1.9881e+07,0,0.0496521,1.98816e+07,5166.67,,-3842.11,-1.92106,-192.106,3.80952,0,,4.6021,,,,,
ASSWAP-0165,ASSWAP-IG,CPTY-16,2025-01-15,LONG,2026-04-09T14:05:32.670891+00:00,ASSWAP,ASSET_SWAP,2,2,"BOND,FLOAT",2e+07,0.0425,2025-01-15,2027-01-15,USD,,,,,,,,,,,,,,,1.97306e+07,1.97306e+07,0,0.0496474,1.97316e+07,4722.22,,-3823.57,-1.91179,-191.179,3.82458,0,,2.09343,,,,,
ASSWAP-0166,ASSWAP-IG,CPTY-16,2025-01-15,LONG,2026-04-09T14:05:32.670891+00:00,ASSWAP,ASSET_SWAP,10,2,"BOND,FLOAT",5e+06,0.0362,2025-01-15,2035-01-15,USD,,,,,,,,,,,,,,,4.69506e+06,4.69506e+06,0,0.0438022,4.69542e+06,1005.56,,-3961.73,-7.92347,-792.347,79.2977,0,,-7.08411,,,,,
ASSWAP-0167,ASSWAP-IG,CPTY-06,2025-01-15,SHORT,2026-04-09T14:05:32.670891+00:00,ASSWAP,ASSET_SWAP,2,2,"BOND,FLOAT",5e+07,0.0395,2025-01-15,2027-01-15,USD,,,,,,,,,,,,,,,4.90446e+07,4.90446e+07,0,0.0496439,4.90479e+07,10972.2,,9524.18,1.90484,190.484,3.83603,0,,0.211925,,,,,
ASSWAP-0168,ASSWAP-IG,CPTY-09,2025-01-15,SHORT,2026-04-09T14:05:32.670891+00:00,ASSWAP,ASSET_SWAP,2,2,"BOND,FLOAT",1e+07,0.0565,2025-01-15,2027-01-15,USD,,,,,,,,,,,,,,,1.01284e+07,1.01284e+07,0,0.0496635,1.01283e+07,3138.89,,1944.23,1.94423,194.423,3.77286,0,,10.8738,,,,,
ASSWAP-0169,ASSWAP-IG,CPTY-16,2025-01-15,SHORT,2026-04-09T14:05:32.670891+00:00,ASSWAP,ASSET_SWAP,3,2,"BOND,FLOAT",1e+07,0.0469,2025-01-15,2028-01-15,USD,,,,,,,,,,,,,,,9.97827e+06,9.97827e+06,0,0.0477981,9.97857e+06,2605.56,,2834.53,2.83453,283.453,8.35313,0,,6.1444,,,,,
ASSWAP-0170,ASSWAP-IG,CPTY-02,2025-01-15,LONG,2026-04-09T14:05:32.670891+00:00,ASSWAP,ASSET_SWAP,10,2,"BOND,FLOAT",2e+07,0.0463,2025-01-15,2035-01-15,USD,,,,,,,,,,,,,,,2.03914e+07,2.03914e+07,0,0.0438691,2.03922e+07,5144.44,,-16636.7,-8.31834,-831.834,75.5845,0,,13.3909,,,,,
ASSWAP-0171,ASSWAP-IG,CPTY-10,2025-01-15,SHORT,2026-04-09T14:05:32.670891+00:00,ASSWAP,ASSET_SWAP,2,2,"BOND,FLOAT",1e+07,0.0554,2025-01-15,2027-01-15,USD,,,,,,,,,,,,,,,1.01078e+07,1.01078e+07,0,0.0496623,1.01076e+07,3077.78,,1941.68,1.94168,194.168,3.77682,0,,10.1839,,,,,
ASSWAP-0172,ASSWAP-IG,CPTY-19,2025-01-15,LONG,2026-04-09T14:05:32.670891+00:00,ASSWAP,ASSET_SWAP,2,2,"BOND,FLOAT",2e+07,0.0406,2025-01-15,2027-01-15,USD,,,,,,,,,,,,,,,1.96592e+07,1.96592e+07,0,0.0496452,1.96604e+07,4511.11,,-3814.77,-1.90738,-190.738,3.83182,0,,0.90181,,,,,
ASSWAP-0173,ASSWAP-IG,CPTY-03,2025-01-15,SHORT,2026-04-09T14:05:32.670891+00:00,ASSWAP,ASSET_SWAP,5,2,"BOND,FLOAT",5e+07,0.0431,2025-01-15,2030-01-15,USD,,,,,,,,,,,,,,,4.94133e+07,4.94133e+07,0,0.0457464,4.94157e+07,11972.2,,22494.6,4.49892,449.892,21.9735,0,,4.371,,,,,
ASSWAP-0174,ASSWAP-IG,CPTY-09,2025-01-15,LONG,2026-04-09T14:05:32.670891+00:00,ASSWAP,ASSET_SWAP,10,2,"BOND,FLOAT",1e+07,0.0346,2025-01-15,2035-01-15,USD,,,,,,,,,,,,,,,9.26251e+06,9.26251e+06,0,0.043791,9.26328e+06,1922.22,,-7860.91,-7.86091,-786.091,79.9452,0,,-10.3277,,,,,
ASSWAP-0175,ASSWAP-IG,CPTY-20,2025-01-15,LONG,2026-04-09T14:05:32.670891+00:00,ASSWAP,ASSET_SWAP,7,2,"BOND,FLOAT",5e+07,0.0422,2025-01-15,2032-01-15,USD,,,,,,,,,,,,,,,4.92347e+07,4.92347e+07,0,0.0447662,4.92373e+07,11722.2,,-30195.1,-6.03902,-603.902,40.8669,0,,3.792,,,,,
ASSWAP-0176,ASSWAP-IG,CPTY-16,2025-01-15,LONG,2026-04-09T14:05:32.670891+00:00,ASSWAP,ASSET_SWAP,7,2,"BOND,FLOAT",5e+06,0.0526,2025-01-15,2032-01-15,USD,,,,,,,,,,,,,,,5.23136e+06,5.23136e+06,0,0.0448205,5.23142e+06,1461.11,,-3129.57,-6.25915,-625.915,39.4526,0,,19.8795,,,,,
ASSWAP-0177,ASSWAP-IG,CPTY-13,2025-01-15,LONG,2026-04-09T14:05:32.670891+00:00,ASSWAP,ASSET_SWAP,3,2,"BOND,FLOAT",5e+06,0.0573,2025-01-15,2028-01-15,USD,,,,,,,,,,,,,,,5.13289e+06,5.13289e+06,0,0.0478238,5.13279e+06,1591.67,,-1441.98,-2.88395,-288.395,8.22256,0,,14.4753,,,,,
ASSWAP-0178,ASSWAP-IG,CPTY-08,2025-01-15,SHORT,2026-04-09T14:05:32.670891+00:00,ASSWAP,ASSET_SWAP,7,2,"BOND,FLOAT",2e+07,0.0402,2025-01-15,2032-01-15,USD,,,,,,,,,,,,,,,1.9457e+07,1.9457e+07,0,0.0447553,1.94582e+07,4466.67,,11993.4,5.99669,599.669,41.1594,0,,0.698258,,,,,
ASSWAP-0179,ASSWAP-IG,CPTY-05,2025-01-15,LONG,2026-04-09T14:05:32.670891+00:00,ASSWAP,ASSET_SWAP,3,2,"BOND,FLOAT",2e+07,0.0567,2025-01-15,2028-01-15,USD,,,,,,,,,,,,,,,2.04984e+07,2.04984e+07,0,0.0478224,2.0498e+07,6300,,-5762.2,-2.8811,-288.11,8.22989,0,,13.9947,,,,,
ASSWAP-0180,ASSWAP-IG,CPTY-11,2025-01-15,LONG,2026-04-09T14:05:32.670891+00:00,ASSWAP,ASSET_SWAP,5,2,"BOND,FLOAT",1e+07,0.0491,2025-01-15,2030-01-15,USD,,,,,,,,,,,,,,,1.0147e+07,1.0147e+07,0,0.0457731,1.01472e+07,2727.78,,-4569.18,-4.56918,-456.918,21.6389,0,,11.5641,,,,,
ASSWAP-0181,ASSWAP-IG,CPTY-16,2025-01-15,LONG,2026-04-09T14:05:32.670891+00:00,ASSWAP,ASSET_SWAP,10,2,"BOND,FLOAT",2e+07,0.0348,2025-01-15,2035-01-15,USD,,,,,,,,,,,,,,,1.85569e+07,1.85569e+07,0,0.0437924,1.85584e+07,3866.67,,-15737.5,-7.86873,-786.873,79.8633,0,,-9.92224,,,,,
ASSWAP-0182,ASSWAP-IG,CPTY-09,2025-01-15,LONG,2026-04-09T14:05:32.670891+00:00,ASSWAP,ASSET_SWAP,3,2,"BOND,FLOAT",5e+07,0.0516,2025-01-15,2028-01-15,USD,,,,,,,,,,,,,,,5.0541e+07,5.0541e+07,0,0.0478098,5.05414e+07,14333.3,,-14284.3,-2.85687,-285.687,8.2932,0,,9.90935,,,,,
ASSWAP-0183,ASSWAP-IG,CPTY-08,2025-01-15,SHORT,2026-04-09T14:05:32.670891+00:00,ASSWAP,ASSET_SWAP,5,2,"BOND,FLOAT",2e+07,0.0434,2025-01-15,2030-01-15,USD,,,,,,,,,,,,,,,1.97918e+07,1.97918e+07,0,0.0457478,1.97927e+07,4822.22,,9004.88,4.50244,450.244,21.9563,0,,4.73065,,,,,
ASSWAP-0184,ASSWAP-IG,CPTY-19,2025-01-15,LONG,2026-04-09T14:05:32.670891+00:00,ASSWAP,ASSET_SWAP,3,2,"BOND,FLOAT",1e+07,0.0533,2025-01-15,2028-01-15,USD,,,,,,,,,,,,,,,1.01552e+07,1.01552e+07,0,0.047814,1.01552e+07,2961.11,,-2864.94,-2.86494,-286.494,8.2719,0,,11.2711,,,,,
ASSWAP-0185,ASSWAP-IG,CPTY-17,2025-01-15,LONG,2026-04-09T14:05:32.670891+00:00,ASSWAP,ASSET_SWAP,7,2,"BOND,FLOAT",2e+07,0.0473,2025-01-15,2032-01-15,USD,,,,,,,,,,,,,,,2.02978e+07,2.02978e+07,0,0.0447933,2.02985e+07,5255.56,,-12293.9,-6.14697,-614.697,40.1519,0,,11.681,,,,,
ASSWAP-0186,ASSWAP-IG,CPTY-07,2025-01-15,LONG,2026-04-09T14:05:32.670891+00:00,ASSWAP,ASSET_SWAP,5,2,"BOND,FLOAT",5e+06,0.056,2025-01-15,2030-01-15,USD,,,,,,,,,,,,,,,5.22545e+06,5.22545e+06,0,0.0458029,5.22541e+06,1555.56,,-2324.98,-4.64997,-464.997,21.2751,0,,19.8361,,,,,
ASSWAP-0187,ASSWAP-IG,CPTY-06,2025-01-15,SHORT,2026-04-09T14:05:32.670891+00:00,ASSWAP,ASSET_SWAP,5,2,"BOND,FLOAT",5e+07,0.0519,2025-01-15,2030-01-15,USD,,,,,,,,,,,,,,,5.13515e+07,5.13515e+07,0,0.0457853,5.1352e+07,14416.7,,23009.8,4.60196,460.196,21.4887,0,,14.9209,,,,,
ASSWAP-0188,ASSWAP-IG,CPTY-05,2025-01-15,LONG,2026-04-09T14:05:32.670891+00:00,ASSWAP,ASSET_SWAP,5,2,"BOND,FLOAT",5e+07,0.0582,2025-01-15,2030-01-15,USD,,,,,,,,,,,,,,,5.2739e+07,5.2739e+07,0,0.0458122,5.27382e+07,16166.7,,-23378.6,-4.67573,-467.573,21.1636,0,,22.4736,,,,,
ASSWAP-0189,ASSWAP-IG,CPTY-16,2025-01-15,SHORT,2026-04-09T14:05:32.670891+00:00,ASSWAP,ASSET_SWAP,3,2,"BOND,FLOAT",5e+06,0.0492,2025-01-15,2028-01-15,USD,,,,,,,,,,,,,,,5.02093e+06,5.02093e+06,0,0.0478038,5.02102e+06,1366.67,,1422.73,2.84546,284.546,8.32361,0,,7.98682,,,,,
ASSWAP-0190,ASSWAP-IG,CPTY-08,2025-01-15,SHORT,2026-04-09T14:05:32.670891+00:00,ASSWAP,ASSET_SWAP,7,2,"BOND,FLOAT",2e+07,0.0621,2025-01-15,2032-01-15,USD,,,,,,,,,,,,,,,2.20504e+07,2.20504e+07,0,0.0448669,2.205e+07,6900,,12920.5,6.46023,646.023,38.2987,0,,34.5747,,,,,
ASSWAP-0191,ASSWAP-IG,CPTY-05,2025-01-15,LONG,2026-04-09T14:05:32.670891+00:00,ASSWAP,ASSET_SWAP,5,2,"BOND,FLOAT",5e+07,0.0484,2025-01-15,2030-01-15,USD,,,,,,,,,,,,,,,5.05806e+07,5.05806e+07,0,0.0457701,5.05819e+07,13444.4,,-22804.9,-4.56098,-456.098,21.6771,0,,10.7249,,,,,
ASSWAP-0192,ASSWAP-IG,CPTY-11,2025-01-15,LONG,2026-04-09T14:05:32.670891+00:00,ASSWAP,ASSET_SWAP,5,2,"BOND,FLOAT",2e+07,0.0395,2025-01-15,2030-01-15,USD,,,,,,,,,,,,,,,1.94482e+07,1.94482e+07,0,0.04573,1.94494e+07,4388.89,,-8913.55,-4.45677,-445.677,22.1829,0,,0.0551416,,,,,
ASSWAP-0193,ASSWAP-IG,CPTY-13,2025-01-15,LONG,2026-04-09T14:05:32.670891+00:00,ASSWAP,ASSET_SWAP,5,2,"BOND,FLOAT",2e+07,0.0432,2025-01-15,2030-01-15,USD,,,,,,,,,,,,,,,1.97741e+07,1.97741e+07,0,0.0457469,1.97751e+07,4800,,-9000.19,-4.5001,-450.01,21.9677,0,,4.49088,,,,,
ASSWAP-0194,ASSWAP-IG,CPTY-15,2025-01-15,SHORT,2026-04-09T14:05:32.670891+00:00,ASSWAP,ASSET_SWAP,3,2,"BOND,FLOAT",5e+06,0.0457,2025-01-15,2028-01-15,USD,,,,,,,,,,,,,,,4.97255e+06,4.97255e+06,0,0.047795,4.97273e+06,1269.44,,1414.41,2.82883,282.883,8.36868,0,,5.18314,,,,,
ASSWAP-0195,ASSWAP-IG,CPTY-15,2025-01-15,LONG,2026-04-09T14:05:32.670891+00:00,ASSWAP,ASSET_SWAP,2,2,"BOND,FLOAT",5e+06,0.0533,2025-01-15,2027-01-15,USD,,,,,,,,,,,,,,,5.03415e+06,5.03415e+06,0,0.0496599,5.03413e+06,1480.56,,-968.408,-1.93682,-193.682,3.78444,0,,8.86684,,,,,
ASSWAP-0196,ASSWAP-IG,CPTY-01,2025-01-15,SHORT,2026-04-09T14:05:32.670891+00:00,ASSWAP,ASSET_SWAP,5,2,"BOND,FLOAT",5e+06,0.0513,2025-01-15,2030-01-15,USD,,,,,,,,,,,,,,,5.12193e+06,5.12193e+06,0,0.0457827,5.122e+06,1425,,2297.47,4.59494,459.494,21.5206,0,,14.2016,,,,,
ASSWAP-0197,ASSWAP-IG,CPTY-15,2025-01-15,LONG,2026-04-09T14:05:32.670891+00:00,ASSWAP,ASSET_SWAP,7,2,"BOND,FLOAT",2e+07,0.0429,2025-01-15,2032-01-15,USD,,,,,,,,,,,,,,,1.97768e+07,1.97768e+07,0,0.04477,1.97778e+07,4766.67,,-12107.7,-6.05384,-605.384,40.7662,0,,4.87481,,,,,
ASSWAP-0198,ASSWAP-IG,CPTY-12,2025-01-15,SHORT,2026-04-09T14:05:32.670891+00:00,ASSWAP,ASSET_SWAP,3,2,"BOND,FLOAT",5e+07,0.0581,2025-01-15,2028-01-15,USD,,,,,,,,,,,,,,,5.14395e+07,5.14395e+07,0,0.0478257,5.14383e+07,16138.9,,14438.8,2.88775,288.775,8.21281,0,,15.1162,,,,,
ASSWAP-0199,ASSWAP-IG,CPTY-02,2025-01-15,LONG,2026-04-09T14:05:32.670891+00:00,ASSWAP,ASSET_SWAP,10,2,"BOND,FLOAT",2e+07,0.0563,2025-01-15,2035-01-15,USD,,,,,,,,,,,,,,,2.19866e+07,2.19866e+07,0,0.0439293,2.19867e+07,6255.56,,-17418.6,-8.70931,-870.931,72.4442,0,,33.6632,,,,,
ASSWAP-0200,ASSWAP-IG,CPTY-18,2025-01-15,SHORT,2026-04-09T14:05:32.670891+00:00,ASSWAP,ASSET_SWAP,5,2,"BOND,FLOAT",2e+07,0.0426,2025-01-15,2030-01-15,USD,,,,,,,,,,,,,,,1.97213e+07,1.97213e+07,0,0.0457441,1.97223e+07,4733.33,,8986.14,4.49307,449.307,22.0021,0,,3.77157,,,,,
ASSWAP-0201,ASSWAP-IG,CPTY-20,2025-01-15,SHORT,2026-04-09T14:05:32.670891+00:00,ASSWAP,ASSET_SWAP,3,2,"BOND,FLOAT",1e+07,0.065,2025-01-15,2028-01-15,USD,,,,,,,,,,,,,,,1.04786e+07,1.04786e+07,0,0.0478423,1.04781e+07,3611.11,,2920.54,2.92054,292.054,8.1305,0,,20.6434,,,,,
ASSWAP-0202,ASSWAP-IG,CPTY-04,2025-01-15,SHORT,2026-04-09T14:05:32.670891+00:00,ASSWAP,ASSET_SWAP,10,2,"BOND,FLOAT",1e+07,0.0557,2025-01-15,2035-01-15,USD,,,,,,,,,,,,,,,1.09454e+07,1.09454e+07,0,0.0439258,1.09455e+07,3094.44,,8685.86,8.68586,868.586,72.6197,0,,32.4469,,,,,
ASSWAP-0203,ASSWAP-IG,CPTY-14,2025-01-15,SHORT,2026-04-09T14:05:32.670891+00:00,ASSWAP,ASSET_SWAP,3,2,"BOND,FLOAT",1e+07,0.0489,2025-01-15,2028-01-15,USD,,,,,,,,,,,,,,,1.00336e+07,1.00336e+07,0,0.0478031,1.00338e+07,2716.67,,2844.04,2.84404,284.404,8.32743,0,,7.74651,,,,,
ASSWAP-0204,ASSWAP-IG,CPTY-03,2025-01-15,LONG,2026-04-09T14:05:32.670891+00:00,ASSWAP,ASSET_SWAP,7,2,"BOND,FLOAT",5e+06,0.0589,2025-01-15,2032-01-15,USD,,,,,,,,,,,,,,,5.41788e+06,5.41788e+06,0,0.0448516,5.41781e+06,1636.11,,-3196.25,-6.3925,-639.25,38.674,0,,29.6247,,,,,
ASSWAP-0205,ASSWAP-IG,CPTY-14,2025-01-15,LONG,2026-04-09T14:05:32.670891+00:00,ASSWAP,ASSET_SWAP,2,2,"BOND,FLOAT",5e+06,0.0646,2025-01-15,2027-01-15,USD,,,,,,,,,,,,,,,5.14035e+06,5.14035e+06,0,0.0496726,5.14005e+06,1794.44,,-981.501,-1.963,-196.3,3.74414,0,,15.9538,,,,,
ASSWAP-0206,ASSWAP-IG,CPTY-01,2025-01-15,SHORT,2026-04-09T14:05:32.670891+00:00,ASSWAP,ASSET_SWAP,7,2,"BOND,FLOAT",2e+07,0.0436,2025-01-15,2032-01-15,USD,,,,,,,,,,,,,,,1.98597e+07,1.98597e+07,0,0.0447738,1.98606e+07,4844.44,,12137.3,6.06865,606.865,40.6663,0,,5.95762,,,,,
ASSWAP-0207,ASSWAP-IG,CPTY-19,2025-01-15,SHORT,2026-04-09T14:05:32.670891+00:00,ASSWAP,ASSET_SWAP,7,2,"BOND,FLOAT",5e+06,0.0631,2025-01-15,2032-01-15,USD,,,,,,,,,,,,,,,5.54222e+06,5.54222e+06,0,0.0448716,5.54207e+06,1752.78,,3240.7,6.48139,648.139,38.184,0,,36.1216,,,,,
ASSWAP-0208,ASSWAP-IG,CPTY-18,2025-01-15,LONG,2026-04-09T14:05:32.670891+00:00,ASSWAP,ASSET_SWAP,10,2,"BOND,FLOAT",1e+07,0.036,2025-01-15,2035-01-15,USD,,,,,,,,,,,,,,,9.37417e+06,9.37417e+06,0,0.0438008,9.3749e+06,2000,,-7915.65,-7.91565,-791.565,79.3777,0,,-7.48956,,,,,
ASSWAP-0209,ASSWAP-IG,CPTY-04,2025-01-15,LONG,2026-04-09T14:05:32.670891+00:00,ASSWAP,ASSET_SWAP,2,2,"BOND,FLOAT",2e+07,0.065,2025-01-15,2027-01-15,USD,,,,,,,,,,,,,,,2.05764e+07,2.05764e+07,0,0.049673,2.05752e+07,7222.22,,-3927.86,-1.96393,-196.393,3.74274,0,,16.2047,,,,,
ASSWAP-0210,ASSWAP-IG,CPTY-14,2025-01-15,LONG,2026-04-09T14:05:32.670891+00:00,ASSWAP,ASSET_SWAP,10,2,"BOND,FLOAT",1e+07,0.0504,2025-01-15,2035-01-15,USD,,,,,,,,,,,,,,,1.05227e+07,1.05227e+07,0,0.0438944,1.0523e+07,2800,,-8478.64,-8.47864,-847.864,74.2394,0,,21.7026,,,,,
ASSWAP-0211,ASSWAP-IG,CPTY-09,2025-01-15,LONG,2026-04-09T14:05:32.670891+00:00,ASSWAP,ASSET_SWAP,7,2,"BOND,FLOAT",1e+07,0.0425,2025-01-15,2032-01-15,USD,,,,,,,,,,,,,,,9.8647e+06,9.8647e+06,0,0.0447678,9.86521e+06,2361.11,,-6045.37,-6.04537,-604.537,40.8236,0,,4.25606,,,,,
ASSWAP-0212,ASSWAP-IG,CPTY-09,2025-01-15,SHORT,2026-04-09T14:05:32.670891+00:00,ASSWAP,ASSET_SWAP,7,2,"BOND,FLOAT",5e+07,0.0405,2025-01-15,2032-01-15,USD,,,,,,,,,,,,,,,4.87314e+07,4.87314e+07,0,0.044757,4.87343e+07,11250,,30015.2,6.00304,600.304,41.1151,0,,1.16232,,,,,
ASSWAP-0213,ASSWAP-IG,CPTY-05,2025-01-15,LONG,2026-04-09T14:05:32.670891+00:00,ASSWAP,ASSET_SWAP,10,2,"BOND,FLOAT",5e+07,0.0521,2025-01-15,2035-01-15,USD,,,,,,,,,,,,,,,5.32916e+07,5.32916e+07,0,0.0439047,5.32926e+07,14472.2,,-42725.5,-8.54511,-854.511,73.7059,0,,25.1489,,,,,
ASSWAP-0214,ASSWAP-IG,CPTY-06,2025-01-15,LONG,2026-04-09T14:05:32.670891+00:00,ASSWAP,ASSET_SWAP,7,2,"BOND,FLOAT",1e+07,0.0593,2025-01-15,2032-01-15,USD,,,,,,,,,,,,,,,1.08594e+07,1.08594e+07,0,0.0448535,1.08593e+07,3294.44,,-6400.96,-6.40096,-640.096,38.6263,0,,30.2435,,,,,
ASSWAP-0215,ASSWAP-IG,CPTY-04,2025-01-15,LONG,2026-04-09T14:05:32.670891+00:00,ASSWAP,ASSET_SWAP,7,2,"BOND,FLOAT",5e+07,0.0401,2025-01-15,2032-01-15,USD,,,,,,,,,,,,,,,4.8613e+07,4.8613e+07,0,0.0447548,4.8616e+07,11138.9,,-29972.8,-5.99457,-599.457,41.1742,0,,0.543571,,,,,
ASSWAP-0216,ASSWAP-IG,CPTY-04,2025-01-15,SHORT,2026-04-09T14:05:32.670891+00:00,ASSWAP,ASSET_SWAP,2,2,"BOND,FLOAT",2e+07,0.064,2025-01-15,2027-01-15,USD,,,,,,,,,,,,,,,2.05388e+07,2.05388e+07,0,0.0496719,2.05377e+07,7111.11,,3923.22,1.96161,196.161,3.74624,0,,15.5775,,,,,
ASSWAP-0217,ASSWAP-IG,CPTY-01,2025-01-15,LONG,2026-04-09T14:05:32.670891+00:00,ASSWAP,ASSET_SWAP,5,2,"BOND,FLOAT",5e+06,0.0563,2025-01-15,2030-01-15,USD,,,,,,,,,,,,,,,5.23205e+06,5.23205e+06,0,0.0458041,5.23201e+06,1563.89,,-2326.74,-4.65348,-465.348,21.2598,0,,20.1958,,,,,
ASSWAP-0218,ASSWAP-IG,CPTY-05,2025-01-15,SHORT,2026-04-09T14:05:32.670891+00:00,ASSWAP,ASSET_SWAP,10,2,"BOND,FLOAT",5e+06,0.0377,2025-01-15,2035-01-15,USD,,,,,,,,,,,,,,,4.75488e+06,4.75488e+06,0,0.0438126,4.75522e+06,1047.22,,3991.06,7.98211,798.211,78.7065,0,,-4.04326,,,,,
ASSWAP-0219,ASSWAP-IG,CPTY-17,2025-01-15,LONG,2026-04-09T14:05:32.670891+00:00,ASSWAP,ASSET_SWAP,3,2,"BOND,FLOAT",5e+06,0.0464,2025-01-15,2028-01-15,USD,,,,,,,,,,,,,,,4.98223e+06,4.98223e+06,0,0.0477968,4.98238e+06,1288.89,,-1416.08,-2.83216,-283.216,8.35959,0,,5.74388,,,,,
ASSWAP-0220,ASSWAP-IG,CPTY-13,2025-01-15,LONG,2026-04-09T14:05:32.670891+00:00,ASSWAP,ASSET_SWAP,7,2,"BOND,FLOAT",5e+06,0.0614,2025-01-15,2032-01-15,USD,,,,,,,,,,,,,,,5.49189e+06,5.49189e+06,0,0.0448636,5.49178e+06,1705.56,,-3222.71,-6.44541,-644.541,38.3797,0,,33.4919,,,,,
ASSWAP-0221,ASSWAP-IG,CPTY-10,2025-01-15,SHORT,2026-04-09T14:05:32.670891+00:00,ASSWAP,ASSET_SWAP,2,2,"BOND,FLOAT",2e+07,0.0509,2025-01-15,2027-01-15,USD,,,,,,,,,,,,,,,2.00464e+07,2.00464e+07,0,0.0496571,2.00466e+07,5655.56,,3862.51,1.93125,193.125,3.79322,0,,7.36164,,,,,
ASSWAP-0222,ASSWAP-IG,CPTY-05,2025-01-15,LONG,2026-04-09T14:05:32.670891+00:00,ASSWAP,ASSET_SWAP,7,2,"BOND,FLOAT",2e+07,0.0546,2025-01-15,2032-01-15,USD,,,,,,,,,,,,,,,2.11623e+07,2.11623e+07,0,0.0448305,2.11624e+07,6066.67,,-12603,-6.30148,-630.148,39.1994,0,,22.9732,,,,,
ASSWAP-0223,ASSWAP-IG,CPTY-02,2025-01-15,LONG,2026-04-09T14:05:32.670891+00:00,ASSWAP,ASSET_SWAP,5,2,"BOND,FLOAT",2e+07,0.0621,2025-01-15,2030-01-15,USD,,,,,,,,,,,,,,,2.14392e+07,2.14392e+07,0,0.0458283,2.14385e+07,6900,,-9442.78,-4.72139,-472.139,20.9707,0,,27.1491,,,,,
ASSWAP-0224,ASSWAP-IG,CPTY-02,2025-01-15,SHORT,2026-04-09T14:05:32.670891+00:00,ASSWAP,ASSET_SWAP,5,2,"BOND,FLOAT",5e+07,0.0419,2025-01-15,2030-01-15,USD,,,,,,,,,,,,,,,4.91491e+07,4.91491e+07,0,0.045741,4.91517e+07,11638.9,,22424.4,4.48487,448.487,22.0425,0,,2.93238,,,,,
ASSWAP-0225,ASSWAP-IG,CPTY-17,2025-01-15,SHORT,2026-04-09T14:05:32.670891+00:00,ASSWAP,ASSET_SWAP,10,2,"BOND,FLOAT",5e+07,0.044,2025-01-15,2035-01-15,USD,,,,,,,,,,,,,,,5.00613e+07,5.00613e+07,0,0.0438544,5.00636e+07,12222.2,,41142.1,8.22842,822.842,76.3775,0,,8.72829,,,,,
ASSWAP-0226,ASSWAP-IG,CPTY-05,2025-01-15,LONG,2026-04-09T14:05:32.670891+00:00,ASSWAP,ASSET_SWAP,2,2,"BOND,FLOAT",5e+06,0.0417,2025-01-15,2027-01-15,USD,,,,,,,,,,,,,,,4.92514e+06,4.92514e+06,0,0.0496465,4.92541e+06,1158.33,,-954.967,-1.90993,-190.993,3.82762,0,,1.59169,,,,,
ASSWAP-0227,ASSWAP-IG,CPTY-03,2025-01-15,LONG,2026-04-09T14:05:32.670891+00:00,ASSWAP,ASSET_SWAP,7,2,"BOND,FLOAT",1e+07,0.0355,2025-01-15,2032-01-15,USD,,,,,,,,,,,,,,,9.45023e+06,9.45023e+06,0,0.0447291,9.451e+06,1972.22,,-5897.2,-5.8972,-589.72,41.8757,0,,-6.57203,,,,,
ASSWAP-0228,ASSWAP-IG,CPTY-13,2025-01-15,LONG,2026-04-09T14:05:32.670891+00:00,ASSWAP,ASSET_SWAP,2,2,"BOND,FLOAT",2e+07,0.0572,2025-01-15,2027-01-15,USD,,,,,,,,,,,,,,,2.02832e+07,2.02832e+07,0,0.0496643,2.02827e+07,6355.56,,-3891.71,-1.94585,-194.585,3.77034,0,,11.3128,,,,,
ASSWAP-0229,ASSWAP-IG,CPTY-19,2025-01-15,LONG,2026-04-09T14:05:32.670891+00:00,ASSWAP,ASSET_SWAP,2,2,"BOND,FLOAT",2e+07,0.0471,2025-01-15,2027-01-15,USD,,,,,,,,,,,,,,,1.99035e+07,1.99035e+07,0,0.0496528,1.99041e+07,5233.33,,-3844.89,-1.92245,-192.245,3.80729,0,,4.9784,,,,,
ASSWAP-0230,ASSWAP-IG,CPTY-07,2025-01-15,LONG,2026-04-09T14:05:32.670891+00:00,ASSWAP,ASSET_SWAP,7,2,"BOND,FLOAT",5e+07,0.045,2025-01-15,2032-01-15,USD,,,,,,,,,,,,,,,5.00636e+07,5.00636e+07,0,0.0447812,5.00657e+07,12500,,-30491.4,-6.09828,-609.828,40.469,0,,8.12324,,,,,
ASSWAP-0231,ASSWAP-IG,CPTY-08,2025-01-15,SHORT,2026-04-09T14:05:32.670891+00:00,ASSWAP,ASSET_SWAP,3,2,"BOND,FLOAT",5e+06,0.0554,2025-01-15,2028-01-15,USD,,,,,,,,,,,,,,,5.10663e+06,5.10663e+06,0,0.0478192,5.10657e+06,1538.89,,1437.46,2.87492,287.492,8.24586,0,,12.9533,,,,,
ASSWAP-0232,ASSWAP-IG,CPTY-04,2025-01-15,LONG,2026-04-09T14:05:32.670891+00:00,ASSWAP,ASSET_SWAP,2,2,"BOND,FLOAT",5e+06,0.0396,2025-01-15,2027-01-15,USD,,,,,,,,,,,,,,,4.9054e+06,4.9054e+06,0,0.049644,4.90573e+06,1100,,-952.533,-1.90507,-190.507,3.83564,0,,0.274642,,,,,
ASSWAP-0233,ASSWAP-IG,CPTY-01,2025-01-15,SHORT,2026-04-09T14:05:32.670891+00:00,ASSWAP,ASSET_SWAP,2,2,"BOND,FLOAT",2e+07,0.0486,2025-01-15,2027-01-15,USD,,,,,,,,,,,,,,,1.99599e+07,1.99599e+07,0,0.0496545,1.99603e+07,5400,,3851.85,1.92592,192.592,3.80171,0,,5.91915,,,,,
ASSWAP-0234,ASSWAP-IG,CPTY-15,2025-01-15,SHORT,2026-04-09T14:05:32.670891+00:00,ASSWAP,ASSET_SWAP,3,2,"BOND,FLOAT",5e+07,0.0467,2025-01-15,2028-01-15,USD,,,,,,,,,,,,,,,4.98637e+07,4.98637e+07,0,0.0477975,4.98652e+07,12972.2,,14167.9,2.83358,283.358,8.35571,0,,5.98419,,,,,
ASSWAP-0235,ASSWAP-IG,CPTY-02,2025-01-15,LONG,2026-04-09T14:05:32.670891+00:00,ASSWAP,ASSET_SWAP,2,2,"BOND,FLOAT",5e+07,0.0399,2025-01-15,2027-01-15,USD,,,,,,,,,,,,,,,4.90822e+07,4.90822e+07,0,0.0496444,4.90854e+07,11083.3,,-9528.81,-1.90576,-190.576,3.83449,0,,0.462792,,,,,
ASSWAP-0236,ASSWAP-IG,CPTY-10,2025-01-15,LONG,2026-04-09T14:05:32.670891+00:00,ASSWAP,ASSET_SWAP,10,2,"BOND,FLOAT",1e+07,0.0475,2025-01-15,2035-01-15,USD,,,,,,,,,,,,,,,1.02914e+07,1.02914e+07,0,0.0438766,1.02918e+07,2638.89,,-8365.26,-8.36526,-836.526,75.182,0,,15.8236,,,,,
ASSWAP-0237,ASSWAP-IG,CPTY-18,2025-01-15,LONG,2026-04-09T14:05:32.670891+00:00,ASSWAP,ASSET_SWAP,5,2,"BOND,FLOAT",1e+07,0.0568,2025-01-15,2030-01-15,USD,,,,,,,,,,,,,,,1.04861e+07,1.04861e+07,0,0.0458063,1.0486e+07,3155.56,,-4659.34,-4.65934,-465.934,21.2343,0,,20.7952,,,,,
ASSWAP-0238,ASSWAP-IG,CPTY-11,2025-01-15,SHORT,2026-04-09T14:05:32.670891+00:00,ASSWAP,ASSET_SWAP,7,2,"BOND,FLOAT",5e+06,0.0537,2025-01-15,2032-01-15,USD,,,,,,,,,,,,,,,5.26393e+06,5.26393e+06,0,0.044826,5.26397e+06,1491.67,,3141.22,6.28243,628.243,39.3126,0,,21.581,,,,,
ASSWAP-0239,ASSWAP-IG,CPTY-18,2025-01-15,SHORT,2026-04-09T14:05:32.670891+00:00,ASSWAP,ASSET_SWAP,10,2,"BOND,FLOAT",2e+07,0.0364,2025-01-15,2035-01-15,USD,,,,,,,,,,,,,,,1.88122e+07,1.88122e+07,0,0.0438036,1.88136e+07,4044.44,,15862.6,7.93128,793.128,79.218,0,,-6.67866,,,,,
ASSWAP-0240,ASSWAP-IG,CPTY-15,2025-01-15,SHORT,2026-04-09T14:05:32.670891+00:00,ASSWAP,ASSET_SWAP,7,2,"BOND,FLOAT",5e+06,0.0353,2025-01-15,2032-01-15,USD,,,,,,,,,,,,,,,4.71919e+06,4.71919e+06,0,0.044728,4.71958e+06,980.556,,2946.49,5.89297,589.297,41.9071,0,,-6.88141,,,,,
ASSWAP-0241,ASSWAP-IG,CPTY-20,2025-01-15,SHORT,2026-04-09T14:05:32.670891+00:00,ASSWAP,ASSET_SWAP,10,2,"BOND,FLOAT",2e+07,0.0494,2025-01-15,2035-01-15,USD,,,,,,,,,,,,,,,2.08859e+07,2.08859e+07,0,0.0438883,2.08865e+07,5488.89,,16879.1,8.43955,843.955,74.5597,0,,19.6753,,,,,
ASSWAP-0242,ASSWAP-IG,CPTY-20,2025-01-15,LONG,2026-04-09T14:05:32.670891+00:00,ASSWAP,ASSET_SWAP,10,2,"BOND,FLOAT",5e+06,0.0464,2025-01-15,2035-01-15,USD,,,,,,,,,,,,,,,5.10184e+06,5.10184e+06,0,0.0438697,5.10203e+06,1288.89,,-4161.13,-8.32225,-832.225,75.5507,0,,13.5936,,,,,
ASSWAP-0243,ASSWAP-IG,CPTY-01,2025-01-15,SHORT,2026-04-09T14:05:32.670891+00:00,ASSWAP,ASSET_SWAP,3,2,"BOND,FLOAT",5e+06,0.0609,2025-01-15,2028-01-15,USD,,,,,,,,,,,,,,,5.18265e+06,5.18265e+06,0,0.0478325,5.18246e+06,1691.67,,1450.53,2.90106,290.106,8.17905,0,,17.3591,,,,,
ASSWAP-0244,ASSWAP-IG,CPTY-01,2025-01-15,SHORT,2026-04-09T14:05:32.670891+00:00,ASSWAP,ASSET_SWAP,2,2,"BOND,FLOAT",5e+07,0.0565,2025-01-15,2027-01-15,USD,,,,,,,,,,,,,,,5.06422e+07,5.06422e+07,0,0.0496635,5.06413e+07,15694.4,,9721.15,1.94423,194.423,3.77286,0,,10.8738,,,,,
ASSWAP-0245,ASSWAP-IG,CPTY-02,2025-01-15,LONG,2026-04-09T14:05:32.670891+00:00,ASSWAP,ASSET_SWAP,5,2,"BOND,FLOAT",5e+07,0.0569,2025-01-15,2030-01-15,USD,,,,,,,,,,,,,,,5.24527e+07,5.24527e+07,0,0.0458067,5.24521e+07,15805.6,,-23302.5,-4.66051,-466.051,21.2292,0,,20.9151,,,,,
ASSWAP-0246,ASSWAP-IG,CPTY-05,2025-01-15,LONG,2026-04-09T14:05:32.670891+00:00,ASSWAP,ASSET_SWAP,7,2,"BOND,FLOAT",5e+07,0.0472,2025-01-15,2032-01-15,USD,,,,,,,,,,,,,,,5.0715e+07,5.0715e+07,0,0.0447928,5.07166e+07,13111.1,,-30724.3,-6.14485,-614.485,40.1655,0,,11.5264,,,,,
ASSWAP-0247,ASSWAP-IG,CPTY-05,2025-01-15,LONG,2026-04-09T14:05:32.670891+00:00,ASSWAP,ASSET_SWAP,2,2,"BOND,FLOAT",1e+07,0.0463,2025-01-15,2027-01-15,USD,,,,,,,,,,,,,,,9.93673e+06,9.93673e+06,0,0.0496518,9.93705e+06,2572.22,,-1920.59,-1.92059,-192.059,3.81027,0,,4.47667,,,,,
ASSWAP-0248,ASSWAP-IG,CPTY-18,2025-01-15,LONG,2026-04-09T14:05:32.670891+00:00,ASSWAP,ASSET_SWAP,7,2,"BOND,FLOAT",2e+07,0.0429,2025-01-15,2032-01-15,USD,,,,,,,,,,,,,,,1.97768e+07,1.97768e+07,0,0.04477,1.97778e+07,4766.67,,-12107.7,-6.05384,-605.384,40.7662,0,,4.87481,,,,,
ASSWAP-0249,ASSWAP-IG,CPTY-03,2025-01-15,LONG,2026-04-09T14:05:32.670891+00:00,ASSWAP,ASSET_SWAP,3,2,"BOND,FLOAT",5e+06,0.065,2025-01-15,2028-01-15,USD,,,,,,,,,,,,,,,5.23932e+06,5.23932e+06,0,0.0478423,5.23903e+06,1805.56,,-1460.27,-2.92054,-292.054,8.1305,0,,20.6434,,,,,
ASSWAP-0250,ASSWAP-IG,CPTY-05,2025-01-15,SHORT,2026-04-09T14:05:32.670891+00:00,ASSWAP,ASSET_SWAP,5,2,"BOND,FLOAT",2e+07,0.0485,2025-01-15,2030-01-15,USD,,,,,,,,,,,,,,,2.02411e+07,2.02411e+07,0,0.0457705,2.02416e+07,5388.89,,9124.3,4.56215,456.215,21.6716,0,,10.8448,,,,,
